entity_id,legal_name,dba_name,street,city,state,zip,phone,email,website,cert_no,part145_indicator,certificate_hints,shop_size_class,aircraft_worked_on,airport_proximity_profile,nearest_airport_name,nearest_airport_icao,observability_score,observability_score_method,profile_archetype,overall_confidence,identity_ambiguity_flag,provenance_legal_name,provenance_part145,provenance_shop_size_class,provenance_aircraft_worked_on,provenance_airport_proximity_profile,provenance_observability_score,source_refs
27OD157C,ADVANCED AEROTECHNOLOGIES GROUP LLC,,631 BUSS AVE.,GREELEY,CO,80631,9705900906,,,27OD157C,yes,Cert 27OD157C; Designator 27OD,,,near-airport,Northern Colorado Regional Airport,KGXY,0.30,team-d:OUTPUT.csv(observability_score),,0.85,no,team-a:OUTPUT.csv,team-a:OUTPUT.csv(certificate_hints),,,team-c:OUTPUT.csv(distance_band),team-d:OUTPUT.csv(observability_score),FAA-AVINFO-DOWNLOAD-2026-03-07;Repair Station Contacts with Ratings (Download).xlsx / Sheet 1;team-d-observability/OUTPUT.csv
3FOR298C,AEROFIELD SERVICES LLC,,19501 E. 23RD AVE,AURORA,CO,80011,7205423173,,,3FOR298C,yes,Cert 3FOR298C; Designator 3FOR,,,near-airport,Denver International Airport,KDEN,0.30,team-d:OUTPUT.csv(observability_score),,0.85,no,team-a:OUTPUT.csv,team-a:OUTPUT.csv(certificate_hints),,,team-c:OUTPUT.csv(distance_band),team-d:OUTPUT.csv(observability_score),FAA-AVINFO-DOWNLOAD-2026-03-07;Repair Station Contacts with Ratings (Download).xlsx / Sheet 1;team-d-observability/OUTPUT.csv
KP7R699J,"AIR COMM CORPORATION, LLC",,14903 GRANT STREET SUITE 110,THORNTON,CO,80023,2047287618,,,KP7R699J,yes,Cert KP7R699J; Designator KP7R,,,near-airport,Rocky Mountain Metropolitan Airport,KBJC,,,,0.75,no,team-a:OUTPUT.csv,team-a:OUTPUT.csv(certificate_hints),,,team-c:OUTPUT.csv(distance_band),,FAA-AVINFO-DOWNLOAD-2026-03-07;Repair Station Contacts with Ratings (Download).xlsx / Sheet 1
QMLR253U,AIR METHODS LLC,DBA UNITED ROTORCRAFT,7301 SOUTH PEORIA STREET,ENGLEWOOD,CO,80112,,,,QMLR253U,yes,Cert QMLR253U; Designator QMLR,,,near-airport,Centennial Airport,KAPA,0.23,team-d:OUTPUT.csv(observability_score),,0.85,no,team-a:OUTPUT.csv,team-a:OUTPUT.csv(certificate_hints),,,team-c:OUTPUT.csv(distance_band),team-d:OUTPUT.csv(observability_score),FAA-AVINFO-DOWNLOAD-2026-03-07;Repair Station Contacts with Ratings (Download).xlsx / Sheet 1;team-d-observability/OUTPUT.csv
VMIR360T,AIRCAM NATIONAL HELICOPTER SERVICES INC,,12951 EAST CONTROL TOWER ROAD,ENGLEWOOD,CO,80112,,,,VMIR360T,yes,Cert VMIR360T; Designator VMIR,,,on-airport,Centennial Airport,KAPA,0.23,team-d:OUTPUT.csv(observability_score),,0.85,no,team-a:OUTPUT.csv,team-a:OUTPUT.csv(certificate_hints),,,team-c:OUTPUT.csv(distance_band),team-d:OUTPUT.csv(observability_score),FAA-AVINFO-DOWNLOAD-2026-03-07;Repair Station Contacts with Ratings (Download).xlsx / Sheet 1;team-d-observability/OUTPUT.csv
H51R588Y,AIRCRAFT MAINTENANCE AND MANAGEMENT COMPANY,DBA HAGGAN AVIATION,12420 EAST CONTROL TOWER ROAD,ENGLEWOOD,CO,80112,,,,H51R588Y,yes,Cert H51R588Y; Designator H51R,medium,business_aircraft;maintenance;avionics;engine;structural;ndt;paint;interior,on-airport,Centennial Airport,KAPA,0.23,team-d:OUTPUT.csv(observability_score),full_service_mro,0.98,no,team-a:OUTPUT.csv,team-a:OUTPUT.csv(certificate_hints),team-b:OUTPUT.csv(shop_size_class),team-b:OUTPUT.csv(aircraft_worked_on),team-c:OUTPUT.csv(distance_band),team-d:OUTPUT.csv(observability_score),FAA-AVINFO-DOWNLOAD-2026-03-07;Repair Station Contacts with Ratings (Download).xlsx / Sheet 1;S4;team-d-observability/OUTPUT.csv
AAVR958D,ALLEN AVIATION LLC,,3652 CR GG. 2,LAMAR,CO,81052,,,,AAVR958D,yes,Cert AAVR958D; Designator AAVR,,,near-airport,Lamar Municipal Airport,KLAA,0.23,team-d:OUTPUT.csv(observability_score),,0.85,no,team-a:OUTPUT.csv,team-a:OUTPUT.csv(certificate_hints),,,team-c:OUTPUT.csv(distance_band),team-d:OUTPUT.csv(observability_score),FAA-AVINFO-DOWNLOAD-2026-03-07;Repair Station Contacts with Ratings (Download).xlsx / Sheet 1;team-d-observability/OUTPUT.csv
ALWR453E,ALLOY METALWORKS LLC,,"1865 W. UNION AVE. UNITS R,S,T",SHERIDAN,CO,80110,7207440807,,,ALWR453E,yes,Cert ALWR453E; Designator ALWR,,,near-airport,Centennial Airport,KAPA,0.30,team-d:OUTPUT.csv(observability_score),,0.85,no,team-a:OUTPUT.csv,team-a:OUTPUT.csv(certificate_hints),,,team-c:OUTPUT.csv(distance_band),team-d:OUTPUT.csv(observability_score),FAA-AVINFO-DOWNLOAD-2026-03-07;Repair Station Contacts with Ratings (Download).xlsx / Sheet 1;team-d-observability/OUTPUT.csv
O0AR682Y,AOG-ASAP AVIONICS INC,,37451 BEECHCRAFT WAY HANGAR 1,WATKINS,CO,80137,3035206988,wheiss@msn.com,,O0AR682Y,yes,Cert O0AR682Y; Designator O0AR,,,near-airport,Colorado Air and Space Port,KCFO,,,,0.75,no,team-a:OUTPUT.csv,team-a:OUTPUT.csv(certificate_hints),,,team-c:OUTPUT.csv(distance_band),,FAA-AVINFO-DOWNLOAD-2026-03-07;Repair Station Contacts with Ratings (Download).xlsx / Sheet 1
ZL6R006Y,ARAPAHOE AERO AVIONICS,,12780 EAST CONTROL TOWER ROAD,ENGLEWOOD,CO,80112,3037998386,scott@arapahoeaero.com,,ZL6R006Y,yes,Cert ZL6R006Y; Designator ZL6R,,,on-airport,Centennial Airport,KAPA,0.38,team-d:OUTPUT.csv(observability_score),,0.85,no,team-a:OUTPUT.csv,team-a:OUTPUT.csv(certificate_hints),,,team-c:OUTPUT.csv(distance_band),team-d:OUTPUT.csv(observability_score),FAA-AVINFO-DOWNLOAD-2026-03-07;Repair Station Contacts with Ratings (Download).xlsx / Sheet 1;team-d-observability/OUTPUT.csv
X1IR595Y,"AVEX AVIATION, LLC",,11804 CORPORATE WAY,BROOMFIELD,CO,80021,7203998008,,,X1IR595Y,yes,Cert X1IR595Y; Designator X1IR,,,near-airport,Rocky Mountain Metropolitan Airport,KBJC,,,,0.75,no,team-a:OUTPUT.csv,team-a:OUTPUT.csv(certificate_hints),,,team-c:OUTPUT.csv(distance_band),,FAA-AVINFO-DOWNLOAD-2026-03-07;Repair Station Contacts with Ratings (Download).xlsx / Sheet 1
VW6R328Y,AVIATION WINDOW SERVICES,,7114 RUSTIC TRAIL,BOULDER,CO,80301,3034442171,tim@aviationwindows.com,,VW6R328Y,yes,Cert VW6R328Y; Designator VW6R,,,near-airport,Boulder Municipal Airport,KBDU,0.38,team-d:OUTPUT.csv(observability_score),,0.85,no,team-a:OUTPUT.csv,team-a:OUTPUT.csv(certificate_hints),,,team-c:OUTPUT.csv(distance_band),team-d:OUTPUT.csv(observability_score),FAA-AVINFO-DOWNLOAD-2026-03-07;Repair Station Contacts with Ratings (Download).xlsx / Sheet 1;team-d-observability/OUTPUT.csv
3AXR823B,AVTRONICS INC,,685 CONDOR DRIVE STEVENS FIELD,PAGOSA SPRINGS,CO,81147,,,,3AXR823B,yes,Cert 3AXR823B; Designator 3AXR,,,near-airport,Stevens Field,KPSO,0.23,team-d:OUTPUT.csv(observability_score),,0.85,no,team-a:OUTPUT.csv,team-a:OUTPUT.csv(certificate_hints),,,team-c:OUTPUT.csv(distance_band),team-d:OUTPUT.csv(observability_score),FAA-AVINFO-DOWNLOAD-2026-03-07;Repair Station Contacts with Ratings (Download).xlsx / Sheet 1;team-d-observability/OUTPUT.csv
B4CR228J,BAE SYSTEMS SPACE & MISSION SYSTEMS INC,,9675 WEST 108TH CIRCLE,WESTMINSTER,CO,80021,3035337848,,,B4CR228J,yes,Cert B4CR228J; Designator B4CR,,,near-airport,Rocky Mountain Metropolitan Airport,KBJC,,,,0.75,no,team-a:OUTPUT.csv,team-a:OUTPUT.csv(certificate_hints),,,team-c:OUTPUT.csv(distance_band),,FAA-AVINFO-DOWNLOAD-2026-03-07;Repair Station Contacts with Ratings (Download).xlsx / Sheet 1
BX4R092M,BEEGLES AIRCRAFT SERVICE LLC,,635 AIRPORT ROAD,GREELEY,CO,80631,9703539200,info@beeglesair.com,,BX4R092M,yes,Cert BX4R092M; Designator BX4R,,,on-airport,Northern Colorado Regional Airport,KGXY,0.38,team-d:OUTPUT.csv(observability_score),,0.85,no,team-a:OUTPUT.csv,team-a:OUTPUT.csv(certificate_hints),,,team-c:OUTPUT.csv(distance_band),team-d:OUTPUT.csv(observability_score),FAA-AVINFO-DOWNLOAD-2026-03-07;Repair Station Contacts with Ratings (Download).xlsx / Sheet 1;team-d-observability/OUTPUT.csv
J7BD555Y,BODE AVIATION INC,,7935 S. PEORIA ST.,ENGLEWOOD,CO,80112,,,,J7BD555Y,yes,Cert J7BD555Y; Designator J7BD,,,near-airport,Centennial Airport,KAPA,0.23,team-d:OUTPUT.csv(observability_score),,0.85,no,team-a:OUTPUT.csv,team-a:OUTPUT.csv(certificate_hints),,,team-c:OUTPUT.csv(distance_band),team-d:OUTPUT.csv(observability_score),FAA-AVINFO-DOWNLOAD-2026-03-07;Repair Station Contacts with Ratings (Download).xlsx / Sheet 1;team-d-observability/OUTPUT.csv
NW6R094J,"C7 AEROWERKS, LLC",,1727 AVIATION WAY,COLORADO SPRINGS,CO,80916,7193090430,,,NW6R094J,yes,Cert NW6R094J; Designator NW6R,,,on-airport,City of Colorado Springs Municipal Airport,KCOS,,,,0.75,no,team-a:OUTPUT.csv,team-a:OUTPUT.csv(certificate_hints),,,team-c:OUTPUT.csv(distance_band),,FAA-AVINFO-DOWNLOAD-2026-03-07;Repair Station Contacts with Ratings (Download).xlsx / Sheet 1
3DOR530B,CAE USA INC,,1 WILLIAM WHITE BOULEVARD SUITE 100,PUEBLO,CO,81001,,,,3DOR530B,yes,Cert 3DOR530B; Designator 3DOR,,,near-airport,Pueblo Memorial Airport,KPUB,0.23,team-d:OUTPUT.csv(observability_score),,0.85,no,team-a:OUTPUT.csv,team-a:OUTPUT.csv(certificate_hints),,,team-c:OUTPUT.csv(distance_band),team-d:OUTPUT.csv(observability_score),FAA-AVINFO-DOWNLOAD-2026-03-07;Repair Station Contacts with Ratings (Download).xlsx / Sheet 1;team-d-observability/OUTPUT.csv
DYHR613K,CENTENNIAL AIRCRAFT INTERIORS CORPORATION,,7405 SOUTH PEORIA STREET,ENGLEWOOD,CO,80112,3036499296,,,DYHR613K,yes,Cert DYHR613K; Designator DYHR,,,near-airport,Centennial Airport,KAPA,0.30,team-d:OUTPUT.csv(observability_score),,0.85,no,team-a:OUTPUT.csv,team-a:OUTPUT.csv(certificate_hints),,,team-c:OUTPUT.csv(distance_band),team-d:OUTPUT.csv(observability_score),FAA-AVINFO-DOWNLOAD-2026-03-07;Repair Station Contacts with Ratings (Download).xlsx / Sheet 1;team-d-observability/OUTPUT.csv
5LBR346D,CENTRI-LUBE TECHNOLOGIES LLC,,5212 CESSNA DR.,LOVELAND,CO,80538,9702183758,,,5LBR346D,yes,Cert 5LBR346D; Designator 5LBR,,,on-airport,Northern Colorado Regional Airport,KFNL,,,,0.75,no,team-a:OUTPUT.csv,team-a:OUTPUT.csv(certificate_hints),,,team-c:OUTPUT.csv(distance_band),,FAA-AVINFO-DOWNLOAD-2026-03-07;Repair Station Contacts with Ratings (Download).xlsx / Sheet 1
PN5R125N,CENTURY HELICOPTERS INC,,2001 AIRWAY AVENUE,FORT COLLINS,CO,80524,9704846804,philip.glasgow@centuryhelicopters.com,,PN5R125N,yes,Cert PN5R125N; Designator PN5R,,,on-airport,Northern Colorado Regional Airport,KFNL,0.38,team-d:OUTPUT.csv(observability_score),,0.85,no,team-a:OUTPUT.csv,team-a:OUTPUT.csv(certificate_hints),,,team-c:OUTPUT.csv(distance_band),team-d:OUTPUT.csv(observability_score),FAA-AVINFO-DOWNLOAD-2026-03-07;Repair Station Contacts with Ratings (Download).xlsx / Sheet 1;team-d-observability/OUTPUT.csv
HA6R580N,COLORADO AIRWORKS LLC,,7312 BELL DR.,COLORADO SPRINGS,CO,80920,,,,HA6R580N,yes,Cert HA6R580N; Designator HA6R,,,near-airport,City of Colorado Springs Municipal Airport,KCOS,0.23,team-d:OUTPUT.csv(observability_score),,0.85,no,team-a:OUTPUT.csv,team-a:OUTPUT.csv(certificate_hints),,,team-c:OUTPUT.csv(distance_band),team-d:OUTPUT.csv(observability_score),FAA-AVINFO-DOWNLOAD-2026-03-07;Repair Station Contacts with Ratings (Download).xlsx / Sheet 1;team-d-observability/OUTPUT.csv
CUTR877D,CUTTER AVIATION DENVER CO-APA,,12260 EAST CONTROL TOWER ROAD,ENGLEWOOD,CO,80112,3037999999,,,CUTR877D,yes,Cert CUTR877D; Designator CUTR,small,avionics_line_service;avionics_installation;cj2_upgrade,on-airport,Centennial Airport,KAPA,0.65,team-b:OUTPUT.csv(web_observability_confidence),avionics_heavy_satellite,0.98,no,team-a:OUTPUT.csv,team-a:OUTPUT.csv(certificate_hints),team-b:OUTPUT.csv(shop_size_class),team-b:OUTPUT.csv(aircraft_worked_on),team-c:OUTPUT.csv(distance_band),team-b:OUTPUT.csv(web_observability_confidence),FAA-AVINFO-DOWNLOAD-2026-03-07;Repair Station Contacts with Ratings (Download).xlsx / Sheet 1;S7;S8
4JDR353D,D & J AVIATION INC,,1945 AVIATION WAY,COLORADO SPRINGS,CO,80916,7196591017,jim.schwab@djaviation.aero,,4JDR353D,yes,Cert 4JDR353D; Designator 4JDR,,,on-airport,City of Colorado Springs Municipal Airport,KCOS,,,,0.75,no,team-a:OUTPUT.csv,team-a:OUTPUT.csv(certificate_hints),,,team-c:OUTPUT.csv(distance_band),,FAA-AVINFO-DOWNLOAD-2026-03-07;Repair Station Contacts with Ratings (Download).xlsx / Sheet 1
GL6R565N,DENVER HOT AIR REPAIR,DBA A DIVISION OF OF DEKOEVEND ENTERPRISES C.,24201 M-5 RD,SAN LUIS,CO,81152,7207373534,terrysm@earthlink.net,,GL6R565N,yes,Cert GL6R565N; Designator GL6R,small,avionics_line_service;avionics_installation;cj2_upgrade,near-airport,San Luis Valley Regional Airport,KALS,0.38,team-d:OUTPUT.csv(observability_score),avionics_heavy_satellite,0.98,no,team-a:OUTPUT.csv,team-a:OUTPUT.csv(certificate_hints),team-b:OUTPUT.csv(shop_size_class),team-b:OUTPUT.csv(aircraft_worked_on),team-c:OUTPUT.csv(distance_band),team-d:OUTPUT.csv(observability_score),FAA-AVINFO-DOWNLOAD-2026-03-07;Repair Station Contacts with Ratings (Download).xlsx / Sheet 1;S7;S8;team-d-observability/OUTPUT.csv
GM6R566N,DEPOT AVIONICS INC,,2550 STATE AVENUE,ALAMOSA,CO,81101,7195896777,ashleyv@depotavionics.com,,GM6R566N,yes,Cert GM6R566N; Designator GM6R,,,near-airport,San Luis Valley Regional Airport,KALS,0.38,team-d:OUTPUT.csv(observability_score),,0.85,no,team-a:OUTPUT.csv,team-a:OUTPUT.csv(certificate_hints),,,team-c:OUTPUT.csv(distance_band),team-d:OUTPUT.csv(observability_score),FAA-AVINFO-DOWNLOAD-2026-03-07;Repair Station Contacts with Ratings (Download).xlsx / Sheet 1;team-d-observability/OUTPUT.csv
FMSR378E,DIRECT MX AVIATION LLC,,"8551 AVIATOR LN, STE D.",ENGLEWOOD,CO,80112,,,,FMSR378E,yes,Cert FMSR378E; Designator FMSR,,,on-airport,Centennial Airport,KAPA,0.23,team-d:OUTPUT.csv(observability_score),,0.85,no,team-a:OUTPUT.csv,team-a:OUTPUT.csv(certificate_hints),,,team-c:OUTPUT.csv(distance_band),team-d:OUTPUT.csv(observability_score),FAA-AVINFO-DOWNLOAD-2026-03-07;Repair Station Contacts with Ratings (Download).xlsx / Sheet 1;team-d-observability/OUTPUT.csv
6DNR881C,DNT AVIONICS,,2845 AVIATORS WAY,GRAND JUNCTION,CO,81506,9702438890,dntpins_313@yahoo.com,,6DNR881C,yes,Cert 6DNR881C; Designator 6DNR,,,on-airport,Grand Junction Regional Airport,KGJT,0.38,team-d:OUTPUT.csv(observability_score),,0.85,no,team-a:OUTPUT.csv,team-a:OUTPUT.csv(certificate_hints),,,team-c:OUTPUT.csv(distance_band),team-d:OUTPUT.csv(observability_score),FAA-AVINFO-DOWNLOAD-2026-03-07;Repair Station Contacts with Ratings (Download).xlsx / Sheet 1;team-d-observability/OUTPUT.csv
K4LR032E,ELEVATE MRO,DBA ELEVATE MRO,9586 METRO AIRPORT AVENUE HANGAR E,BROOMFIELD,CO,80021,7208001612,sam.sandifer@elevate-mro.com,,K4LR032E,yes,Cert K4LR032E; Designator K4LR,medium,gulfstream;hawker;dassault;bombardier;hondajet;textron;turbine_fixed_wing,on-airport,Rocky Mountain Metropolitan Airport,KBJC,0.38,team-d:OUTPUT.csv(observability_score),full_service_mro,0.98,no,team-a:OUTPUT.csv,team-a:OUTPUT.csv(certificate_hints),team-b:OUTPUT.csv(shop_size_class),team-b:OUTPUT.csv(aircraft_worked_on),team-c:OUTPUT.csv(distance_band),team-d:OUTPUT.csv(observability_score),FAA-AVINFO-DOWNLOAD-2026-03-07;Repair Station Contacts with Ratings (Download).xlsx / Sheet 1;S3;team-d-observability/OUTPUT.csv
FDBR221K,FREEDOM AVIONICS,DBA AERO PROP USA DBA FREEDOM AIR AVIONICS,11905 CORPORATE WAY ROCKY MOUNTAIN METRO AIRPORT,BROOMFIELD,CO,80021,,,,FDBR221K,yes,Cert FDBR221K; Designator FDBR,,,near-airport,Rocky Mountain Metropolitan Airport,KBJC,0.23,team-d:OUTPUT.csv(observability_score),,0.85,no,team-a:OUTPUT.csv,team-a:OUTPUT.csv(certificate_hints),,,team-c:OUTPUT.csv(distance_band),team-d:OUTPUT.csv(observability_score),FAA-AVINFO-DOWNLOAD-2026-03-07;Repair Station Contacts with Ratings (Download).xlsx / Sheet 1;team-d-observability/OUTPUT.csv
F42R979Y,FRONT RANGE TRANSPONDER SERVICE,DBA MOUNTAIN AIR AVIATION,11750 AIRPORT WAY HANGAR B-12-D,BROOMFIELD,CO,80021,3034691380,gb3maa@gmail.com,,F42R979Y,yes,Cert F42R979Y; Designator F42R,,,on-airport,Rocky Mountain Metropolitan Airport,KBJC,0.38,team-d:OUTPUT.csv(observability_score),,0.85,no,team-a:OUTPUT.csv,team-a:OUTPUT.csv(certificate_hints),,,team-c:OUTPUT.csv(distance_band),team-d:OUTPUT.csv(observability_score),FAA-AVINFO-DOWNLOAD-2026-03-07;Repair Station Contacts with Ratings (Download).xlsx / Sheet 1;team-d-observability/OUTPUT.csv
7GSR084O,"GLOBAL SUPERTANKER AVIATION, LLC.",,9101 KENYON AVENUE,DENVER,CO,80237,,,,7GSR084O,yes,Cert 7GSR084O; Designator 7GSR,,,near-airport,Denver International Airport,KDEN,,,,0.75,no,team-a:OUTPUT.csv,team-a:OUTPUT.csv(certificate_hints),,,team-c:OUTPUT.csv(distance_band),,FAA-AVINFO-DOWNLOAD-2026-03-07;Repair Station Contacts with Ratings (Download).xlsx / Sheet 1
GO2R846D,"GOGO BUSINESS AVIATION, LLC",DBA GOGO FLIGHT SERVICES,105 EDGEVIEW DRIVE SUITE 300,BROOMFIELD,CO,80021,3033013441,,,GO2R846D,yes,Cert GO2R846D; Designator GO2R,medium,aircraft_under_12500lbs;metal_airframe;composite_airframe;avionics,near-airport,Rocky Mountain Metropolitan Airport,KBJC,0.85,team-b:OUTPUT.csv(web_observability_confidence),airframe_restoration_specialist,0.98,no,team-a:OUTPUT.csv,team-a:OUTPUT.csv(certificate_hints),team-b:OUTPUT.csv(shop_size_class),team-b:OUTPUT.csv(aircraft_worked_on),team-c:OUTPUT.csv(distance_band),team-b:OUTPUT.csv(web_observability_confidence),FAA-AVINFO-DOWNLOAD-2026-03-07;Repair Station Contacts with Ratings (Download).xlsx / Sheet 1;S5
X8CR828N,"GOGO BUSINESS AVIATION, LLC.",,105 EDGEVIEW DRIVE SUITE 300,BROOMFIELD,CO,80021,3033013200,connect@gogoair.com,,X8CR828N,yes,Cert X8CR828N; Designator X8CR,,,near-airport,Rocky Mountain Metropolitan Airport,KBJC,,,,0.75,no,team-a:OUTPUT.csv,team-a:OUTPUT.csv(certificate_hints),,,team-c:OUTPUT.csv(distance_band),,FAA-AVINFO-DOWNLOAD-2026-03-07;Repair Station Contacts with Ratings (Download).xlsx / Sheet 1
HRSR322E,HAYES AVIATION RS,,1201 N. CEDAR AVE. BLDG 14,AKRON,CO,80720,,,,HRSR322E,yes,Cert HRSR322E; Designator HRSR,,,near-airport,Colorado Plains Regional Airport,KAKO,0.23,team-d:OUTPUT.csv(observability_score),,0.85,no,team-a:OUTPUT.csv,team-a:OUTPUT.csv(certificate_hints),,,team-c:OUTPUT.csv(distance_band),team-d:OUTPUT.csv(observability_score),FAA-AVINFO-DOWNLOAD-2026-03-07;Repair Station Contacts with Ratings (Download).xlsx / Sheet 1;team-d-observability/OUTPUT.csv
VX3R935L,HELIARC WELDING SERVICE,,3965 NEWPORT STREET,DENVER,CO,80207,3033552080,,,VX3R935L,yes,Cert VX3R935L; Designator VX3R,,,near-airport,Denver International Airport,KDEN,0.30,team-d:OUTPUT.csv(observability_score),,0.85,no,team-a:OUTPUT.csv,team-a:OUTPUT.csv(certificate_hints),,,team-c:OUTPUT.csv(distance_band),team-d:OUTPUT.csv(observability_score),FAA-AVINFO-DOWNLOAD-2026-03-07;Repair Station Contacts with Ratings (Download).xlsx / Sheet 1;team-d-observability/OUTPUT.csv
9HQR621C,HQ HELIWORKS LLC,,11915 AIRPORT WAY # 6,BROOMFIELD,CO,80021,,,,9HQR621C,yes,Cert 9HQR621C; Designator 9HQR,,,on-airport,Rocky Mountain Metropolitan Airport,KBJC,0.23,team-d:OUTPUT.csv(observability_score),,0.85,no,team-a:OUTPUT.csv,team-a:OUTPUT.csv(certificate_hints),,,team-c:OUTPUT.csv(distance_band),team-d:OUTPUT.csv(observability_score),FAA-AVINFO-DOWNLOAD-2026-03-07;Repair Station Contacts with Ratings (Download).xlsx / Sheet 1;team-d-observability/OUTPUT.csv
FS6R104E,"INTERMOUNTAIN TESTING COMPANY, LLC",,2965 S. SHOSHONE STREET,ENGLEWOOD,CO,80110,3037610650,joe@intermountaintesting.com,,FS6R104E,yes,Cert FS6R104E; Designator FS6R,,,near-airport,Centennial Airport,KAPA,,,,0.75,no,team-a:OUTPUT.csv,team-a:OUTPUT.csv(certificate_hints),,,team-c:OUTPUT.csv(distance_band),,FAA-AVINFO-DOWNLOAD-2026-03-07;Repair Station Contacts with Ratings (Download).xlsx / Sheet 1
IG0R976N,"INTERNATIONAL GOVERNOR SERVICES, LLC",DBA STANDARDAERO COMPONENT SERVICES,7290 WEST 118TH PLACE,BROOMFIELD,CO,80020,,maintenance@securityaviation.biz,,IG0R976N,yes,Cert IG0R976N; Designator IG0R,,,near-airport,Rocky Mountain Metropolitan Airport,KBJC,,,,0.75,no,team-a:OUTPUT.csv,team-a:OUTPUT.csv(certificate_hints),,,team-c:OUTPUT.csv(distance_band),,FAA-AVINFO-DOWNLOAD-2026-03-07;Repair Station Contacts with Ratings (Download).xlsx / Sheet 1
ZYJR157B,JETTECH LLC,,10122 AIRPORT COURT,BROOMFIELD,CO,80021,3036974262,rob@jettechllc.net,,ZYJR157B,yes,Cert ZYJR157B; Designator ZYJR,,,on-airport,Rocky Mountain Metropolitan Airport,KBJC,0.38,team-d:OUTPUT.csv(observability_score),,0.85,no,team-a:OUTPUT.csv,team-a:OUTPUT.csv(certificate_hints),,,team-c:OUTPUT.csv(distance_band),team-d:OUTPUT.csv(observability_score),FAA-AVINFO-DOWNLOAD-2026-03-07;Repair Station Contacts with Ratings (Download).xlsx / Sheet 1;team-d-observability/OUTPUT.csv
KY7R882H,KEY LIME AIR CORPORATION,DBA DENVER AIR CONNECTION,13252 E. CONTROL TOWER ROAD,ENGLEWOOD,CO,80112,,,,KY7R882H,yes,Cert KY7R882H; Designator KY7R,small,avionics_line_service;avionics_installation;cj2_upgrade,on-airport,Centennial Airport,KAPA,0.23,team-d:OUTPUT.csv(observability_score),avionics_heavy_satellite,0.98,no,team-a:OUTPUT.csv,team-a:OUTPUT.csv(certificate_hints),team-b:OUTPUT.csv(shop_size_class),team-b:OUTPUT.csv(aircraft_worked_on),team-c:OUTPUT.csv(distance_band),team-d:OUTPUT.csv(observability_score),FAA-AVINFO-DOWNLOAD-2026-03-07;Repair Station Contacts with Ratings (Download).xlsx / Sheet 1;S7;S8;team-d-observability/OUTPUT.csv
76YR726D,LEGACY AIR,,11905 CORPORATE WAY,BROOMFIELD,CO,80021,3034040277,rick@legacy-air.com,,76YR726D,yes,Cert 76YR726D; Designator 76YR,,,near-airport,Rocky Mountain Metropolitan Airport,KBJC,0.38,team-d:OUTPUT.csv(observability_score),,0.85,no,team-a:OUTPUT.csv,team-a:OUTPUT.csv(certificate_hints),,,team-c:OUTPUT.csv(distance_band),team-d:OUTPUT.csv(observability_score),FAA-AVINFO-DOWNLOAD-2026-03-07;Repair Station Contacts with Ratings (Download).xlsx / Sheet 1;team-d-observability/OUTPUT.csv
LCBR329X,LIFE CYCLE BALLOON REPAIR,,15862 DUQUESNE CIRCLE,BRIGHTON,CO,80603,3032161990,michael@lifecycleballoons.com,,LCBR329X,yes,Cert LCBR329X; Designator LCBR,,,near-airport,Colorado Air and Space Port,KCFO,0.38,team-d:OUTPUT.csv(observability_score),,0.85,no,team-a:OUTPUT.csv,team-a:OUTPUT.csv(certificate_hints),,,team-c:OUTPUT.csv(distance_band),team-d:OUTPUT.csv(observability_score),FAA-AVINFO-DOWNLOAD-2026-03-07;Repair Station Contacts with Ratings (Download).xlsx / Sheet 1;team-d-observability/OUTPUT.csv
MQWR059K,M E K LTD,DBA GRANITE MOUNTAIN REPAIR,5454 ALTEZA DR.,COLORADO SPRINGS,CO,80917,,,,MQWR059K,yes,Cert MQWR059K; Designator MQWR,,,near-airport,City of Colorado Springs Municipal Airport,KCOS,0.23,team-d:OUTPUT.csv(observability_score),,0.85,no,team-a:OUTPUT.csv,team-a:OUTPUT.csv(certificate_hints),,,team-c:OUTPUT.csv(distance_band),team-d:OUTPUT.csv(observability_score),FAA-AVINFO-DOWNLOAD-2026-03-07;Repair Station Contacts with Ratings (Download).xlsx / Sheet 1;team-d-observability/OUTPUT.csv
T3RR881N,MEEKER AIRPORT INC,DBA TRISTAR AVIATION,921 EAST MARKET STREET,MEEKER,CO,81641,9702551501,lancecoulter@hotmail.com,,T3RR881N,yes,Cert T3RR881N; Designator T3RR,,,on-airport,Meeker Airport,KEEO,0.38,team-d:OUTPUT.csv(observability_score),,0.85,no,team-a:OUTPUT.csv,team-a:OUTPUT.csv(certificate_hints),,,team-c:OUTPUT.csv(distance_band),team-d:OUTPUT.csv(observability_score),FAA-AVINFO-DOWNLOAD-2026-03-07;Repair Station Contacts with Ratings (Download).xlsx / Sheet 1;team-d-observability/OUTPUT.csv
TJJR625X,MOBILE TRANSPONDER SERVICES LLC,DBA AVIONICS UPGRADES,8266 CESSNA DR.,PEYTON,CO,80831,,,,TJJR625X,yes,Cert TJJR625X; Designator TJJR,,,on-airport,Meadow Lake Airport,KFLY,0.23,team-d:OUTPUT.csv(observability_score),,0.85,no,team-a:OUTPUT.csv,team-a:OUTPUT.csv(certificate_hints),,,team-c:OUTPUT.csv(distance_band),team-d:OUTPUT.csv(observability_score),FAA-AVINFO-DOWNLOAD-2026-03-07;Repair Station Contacts with Ratings (Download).xlsx / Sheet 1;team-d-observability/OUTPUT.csv
PMSR554E,PEGASUS AEROSPACE MISSION SYSTEMS,,1945 AVIATION WAY,COLORADO SPRINGS,CO,80916,7196591017,,,PMSR554E,yes,Cert PMSR554E; Designator PMSR,,,on-airport,City of Colorado Springs Municipal Airport,KCOS,0.30,team-d:OUTPUT.csv(observability_score),,0.85,no,team-a:OUTPUT.csv,team-a:OUTPUT.csv(certificate_hints),,,team-c:OUTPUT.csv(distance_band),team-d:OUTPUT.csv(observability_score),FAA-AVINFO-DOWNLOAD-2026-03-07;Repair Station Contacts with Ratings (Download).xlsx / Sheet 1;team-d-observability/OUTPUT.csv
N3KR215O,"PHOENIX TURBINE OVERHAUL AND REPAIR, LLC.",DBA NONE,204 N. LINK LN. #A-4,FORT COLLINS,CO,80524,9704950295,phoenixturbine@aol.com,,N3KR215O,yes,Cert N3KR215O; Designator N3KR,,,near-airport,Northern Colorado Regional Airport,KFNL,,,,0.75,no,team-a:OUTPUT.csv,team-a:OUTPUT.csv(certificate_hints),,,team-c:OUTPUT.csv(distance_band),,FAA-AVINFO-DOWNLOAD-2026-03-07;Repair Station Contacts with Ratings (Download).xlsx / Sheet 1
ZP8R849Y,PILATUS AIRCRAFT USA LTD.,,12300 PILATUS WAY,BROOMFIELD,CO,80021,3034659099,mrector@pilbal.com,,ZP8R849Y,yes,Cert ZP8R849Y; Designator ZP8R,,,near-airport,Rocky Mountain Metropolitan Airport,KBJC,,,,0.75,no,team-a:OUTPUT.csv,team-a:OUTPUT.csv(certificate_hints),,,team-c:OUTPUT.csv(distance_band),,FAA-AVINFO-DOWNLOAD-2026-03-07;Repair Station Contacts with Ratings (Download).xlsx / Sheet 1
PTIR407E,POSITECH INTERNATIONAL LLC,,18436 F ROAD,DELTA,CO,81416,9704177531,,,PTIR407E,yes,Cert PTIR407E; Designator PTIR,,,near-airport,Blake Field,KAJZ,0.30,team-d:OUTPUT.csv(observability_score),,0.85,no,team-a:OUTPUT.csv,team-a:OUTPUT.csv(certificate_hints),,,team-c:OUTPUT.csv(distance_band),team-d:OUTPUT.csv(observability_score),FAA-AVINFO-DOWNLOAD-2026-03-07;Repair Station Contacts with Ratings (Download).xlsx / Sheet 1;team-d-observability/OUTPUT.csv
PE5R116N,PRECISION AIRCRAFT & ENGINE SERVICES INC,DBA MAYO AVIATION LLC,7425 SOUTH PEORIA CIRCLE,ENGLEWOOD,CO,80112,3037924022,,,PE5R116N,yes,Cert PE5R116N; Designator PE5R,,,near-airport,Centennial Airport,KAPA,,,,0.75,no,team-a:OUTPUT.csv,team-a:OUTPUT.csv(certificate_hints),,,team-c:OUTPUT.csv(distance_band),,FAA-AVINFO-DOWNLOAD-2026-03-07;Repair Station Contacts with Ratings (Download).xlsx / Sheet 1
PAZ3068H,"PREMIER AIR CENTER, LLC",DBA WEST STAR AVIATION,12000 EAST CONTROL TOWER ROAD,ENGLEWOOD,CO,80112,7204867140,,,PAZ3068H,yes,Cert PAZ3068H; Designator PAZ3,large,business_jets;airframe;engines;avionics;modifications,on-airport,Centennial Airport,KAPA,0.85,team-b:OUTPUT.csv(web_observability_confidence),full_service_mro,0.98,no,team-a:OUTPUT.csv,team-a:OUTPUT.csv(certificate_hints),team-b:OUTPUT.csv(shop_size_class),team-b:OUTPUT.csv(aircraft_worked_on),team-c:OUTPUT.csv(distance_band),team-b:OUTPUT.csv(web_observability_confidence),FAA-AVINFO-DOWNLOAD-2026-03-07;Repair Station Contacts with Ratings (Download).xlsx / Sheet 1;S1;S2
7F6R102D,PRO POLISH LLC,,"2761 WEST OXFORD AVENUE, UNIT 1",ENGLEWOOD,CO,80110,3038030002,chris@propolish100.com,,7F6R102D,yes,Cert 7F6R102D; Designator 7F6R,,,near-airport,Centennial Airport,KAPA,0.38,team-d:OUTPUT.csv(observability_score),,0.85,no,team-a:OUTPUT.csv,team-a:OUTPUT.csv(certificate_hints),,,team-c:OUTPUT.csv(distance_band),team-d:OUTPUT.csv(observability_score),FAA-AVINFO-DOWNLOAD-2026-03-07;Repair Station Contacts with Ratings (Download).xlsx / Sheet 1;team-d-observability/OUTPUT.csv
R62R296Y,REDLINE AVIATION,,1201 NORTH CEDAR BUILDING 4,AKRON,CO,80720,7202724356,dan@redlineaviation.aero,,R62R296Y,yes,Cert R62R296Y; Designator R62R,,,near-airport,Colorado Plains Regional Airport,KAKO,0.38,team-d:OUTPUT.csv(observability_score),,0.85,no,team-a:OUTPUT.csv,team-a:OUTPUT.csv(certificate_hints),,,team-c:OUTPUT.csv(distance_band),team-d:OUTPUT.csv(observability_score),FAA-AVINFO-DOWNLOAD-2026-03-07;Repair Station Contacts with Ratings (Download).xlsx / Sheet 1;team-d-observability/OUTPUT.csv
RYHR519X,ROCKY MOUNTAIN HOT AIR LLC,,5075 W. ALASKA PLACE,DENVER,CO,80219,,,,RYHR519X,yes,Cert RYHR519X; Designator RYHR,,,near-airport,Denver International Airport,KDEN,0.23,team-d:OUTPUT.csv(observability_score),,0.85,no,team-a:OUTPUT.csv,team-a:OUTPUT.csv(certificate_hints),,,team-c:OUTPUT.csv(distance_band),team-d:OUTPUT.csv(observability_score),FAA-AVINFO-DOWNLOAD-2026-03-07;Repair Station Contacts with Ratings (Download).xlsx / Sheet 1;team-d-observability/OUTPUT.csv
FR6R545N,ROCKY MOUNTAIN PROPELLERS INC,,2865 AIRPORT DRIVE,ERIE,CO,80516,3036657905,rocky.prop@rockyprop.com,,FR6R545N,yes,Cert FR6R545N; Designator FR6R,,,on-airport,Erie Municipal Airport,KEIK,0.38,team-d:OUTPUT.csv(observability_score),,0.85,no,team-a:OUTPUT.csv,team-a:OUTPUT.csv(certificate_hints),,,team-c:OUTPUT.csv(distance_band),team-d:OUTPUT.csv(observability_score),FAA-AVINFO-DOWNLOAD-2026-03-07;Repair Station Contacts with Ratings (Download).xlsx / Sheet 1;team-d-observability/OUTPUT.csv
3MTR418B,SABER AIRCRAFT SERVICES LLC,,522 SKYWAY STREET,PUEBLO,CO,81001,,,,3MTR418B,yes,Cert 3MTR418B; Designator 3MTR,,,on-airport,Pueblo Memorial Airport,KPUB,0.23,team-d:OUTPUT.csv(observability_score),,0.85,no,team-a:OUTPUT.csv,team-a:OUTPUT.csv(certificate_hints),,,team-c:OUTPUT.csv(distance_band),team-d:OUTPUT.csv(observability_score),FAA-AVINFO-DOWNLOAD-2026-03-07;Repair Station Contacts with Ratings (Download).xlsx / Sheet 1;team-d-observability/OUTPUT.csv
3SDR529B,"SIERRA NEVADA COMPANY, LLC",,8165 S. WALLACE COURT HANGAR 13,ENGLEWOOD,CO,80112,3037950604,,,3SDR529B,yes,Cert 3SDR529B; Designator 3SDR,,,near-airport,Centennial Airport,KAPA,,,,0.75,no,team-a:OUTPUT.csv,team-a:OUTPUT.csv(certificate_hints),,,team-c:OUTPUT.csv(distance_band),,FAA-AVINFO-DOWNLOAD-2026-03-07;Repair Station Contacts with Ratings (Download).xlsx / Sheet 1
VIB4368K,STEVENS AEROSPACE AND DEFENSE SYSTEMS LLC,,7735 S PEORIA ST HANGAR 3,ENGLEWOOD,CO,80112,,,,VIB4368K,yes,Cert VIB4368K; Designator VIB4,,,near-airport,Centennial Airport,KAPA,0.23,team-d:OUTPUT.csv(observability_score),,0.85,no,team-a:OUTPUT.csv,team-a:OUTPUT.csv(certificate_hints),,,team-c:OUTPUT.csv(distance_band),team-d:OUTPUT.csv(observability_score),FAA-AVINFO-DOWNLOAD-2026-03-07;Repair Station Contacts with Ratings (Download).xlsx / Sheet 1;team-d-observability/OUTPUT.csv
OMKR399L,STRAIGHT FLIGHT LLC,,13251 EAST CONTOL TOWER ROAD,ENGLEWOOD,CO,80112,3037998906,,,OMKR399L,yes,Cert OMKR399L; Designator OMKR,medium,aircraft_under_12500lbs;metal_airframe;composite_airframe;avionics,near-airport,Centennial Airport,KAPA,0.75,team-d:OUTPUT.csv(observability_score),airframe_restoration_specialist,0.98,no,team-a:OUTPUT.csv,team-a:OUTPUT.csv(certificate_hints),team-b:OUTPUT.csv(shop_size_class),team-b:OUTPUT.csv(aircraft_worked_on),team-c:OUTPUT.csv(distance_band),team-d:OUTPUT.csv(observability_score),FAA-AVINFO-DOWNLOAD-2026-03-07;Repair Station Contacts with Ratings (Download).xlsx / Sheet 1;S5;team-d-observability/OUTPUT.csv
VW0R441Y,TRANS AERO LLC,DBA TRANS AERO LTD DBA TRANS AERO LIMITED,5235 GULFSTREAM COURT,LOVELAND,CO,80538,3077785777,,,VW0R441Y,yes,Cert VW0R441Y; Designator VW0R,,,on-airport,Northern Colorado Regional Airport,KFNL,0.30,team-d:OUTPUT.csv(observability_score),,0.85,no,team-a:OUTPUT.csv,team-a:OUTPUT.csv(certificate_hints),,,team-c:OUTPUT.csv(distance_band),team-d:OUTPUT.csv(observability_score),FAA-AVINFO-DOWNLOAD-2026-03-07;Repair Station Contacts with Ratings (Download).xlsx / Sheet 1;team-d-observability/OUTPUT.csv
QMKR800X,"TRINE AEROSPACE, LLC",DBA TRINE AEROSPACE & & DEFENSE DBA TRINE AVIATION SERVICES,5765 TAXI WAY HANGAR 1,COLORADO SPRINGS,CO,80916,,,,QMKR800X,yes,Cert QMKR800X; Designator QMKR,,,on-airport,City of Colorado Springs Municipal Airport,KCOS,,,,0.75,no,team-a:OUTPUT.csv,team-a:OUTPUT.csv(certificate_hints),,,team-c:OUTPUT.csv(distance_band),,FAA-AVINFO-DOWNLOAD-2026-03-07;Repair Station Contacts with Ratings (Download).xlsx / Sheet 1
SCIR012A,TWIN OTTER INTERNATIONAL LTD,DBA TWIN OTTER AIRBORNE AIRBORNE RESEARCH,2780 LANDING VIEW LANE,GRAND JUNCTION,CO,81506,,,,SCIR012A,yes,Cert SCIR012A; Designator SCIR,,,on-airport,Grand Junction Regional Airport,KGJT,0.23,team-d:OUTPUT.csv(observability_score),,0.85,no,team-a:OUTPUT.csv,team-a:OUTPUT.csv(certificate_hints),,,team-c:OUTPUT.csv(distance_band),team-d:OUTPUT.csv(observability_score),FAA-AVINFO-DOWNLOAD-2026-03-07;Repair Station Contacts with Ratings (Download).xlsx / Sheet 1;team-d-observability/OUTPUT.csv
W8VR768Y,"UNILODE AVIATION SOLUTIONS US, INC",DBA UNILODE AVIATION SOLUTIONS,27280 E 75TH AVE,DENVER,CO,80249,3033171260,,,W8VR768Y,yes,Cert W8VR768Y; Designator W8VR,,,near-airport,Denver International Airport,KDEN,,,,0.75,no,team-a:OUTPUT.csv,team-a:OUTPUT.csv(certificate_hints),,,team-c:OUTPUT.csv(distance_band),,FAA-AVINFO-DOWNLOAD-2026-03-07;Repair Station Contacts with Ratings (Download).xlsx / Sheet 1
WTXR173J,"WEST STAR AVIATION, LLC",DBA WEST STAR AVIATION,"WEST STAR AVIATION, LLC 796 HERITAGE WAY",GRAND JUNCTION,CO,81506,,,,WTXR173J,yes,Cert WTXR173J; Designator WTXR,large,business_jets;airframe;engines;avionics;modifications,near-airport,Grand Junction Regional Airport,KGJT,0.85,team-b:OUTPUT.csv(web_observability_confidence),full_service_mro,0.98,no,team-a:OUTPUT.csv,team-a:OUTPUT.csv(certificate_hints),team-b:OUTPUT.csv(shop_size_class),team-b:OUTPUT.csv(aircraft_worked_on),team-c:OUTPUT.csv(distance_band),team-b:OUTPUT.csv(web_observability_confidence),FAA-AVINFO-DOWNLOAD-2026-03-07;Repair Station Contacts with Ratings (Download).xlsx / Sheet 1;S1;S2
W33R587X,WESTERN AERO REPAIR INC,,5995 NORTH WASHINGTON STREET,DENVER,CO,80216,,,,W33R587X,yes,Cert W33R587X; Designator W33R,,,near-airport,Denver International Airport,KDEN,0.23,team-d:OUTPUT.csv(observability_score),,0.85,no,team-a:OUTPUT.csv,team-a:OUTPUT.csv(certificate_hints),,,team-c:OUTPUT.csv(distance_band),team-d:OUTPUT.csv(observability_score),FAA-AVINFO-DOWNLOAD-2026-03-07;Repair Station Contacts with Ratings (Download).xlsx / Sheet 1;team-d-observability/OUTPUT.csv
122R933C,WESTERN PLAINS AVIATION LLC,,3401 EAST 8TH STREET,GREELEY,CO,80631,,,,122R933C,yes,Cert 122R933C; Designator 122R,,,near-airport,Northern Colorado Regional Airport,KGXY,0.23,team-d:OUTPUT.csv(observability_score),,0.85,no,team-a:OUTPUT.csv,team-a:OUTPUT.csv(certificate_hints),,,team-c:OUTPUT.csv(distance_band),team-d:OUTPUT.csv(observability_score),FAA-AVINFO-DOWNLOAD-2026-03-07;Repair Station Contacts with Ratings (Download).xlsx / Sheet 1;team-d-observability/OUTPUT.csv
WS9R575J,WESTERN SKYWAYS INC,DBA WESTERN SKYWAYS,21 CREATIVE PLACE N/A,MONTROSE,CO,81401,9702490232,,,WS9R575J,yes,Cert WS9R575J; Designator WS9R,,,on-airport,Montrose Regional Airport,KMTJ,0.30,team-d:OUTPUT.csv(observability_score),,0.85,no,team-a:OUTPUT.csv,team-a:OUTPUT.csv(certificate_hints),,,team-c:OUTPUT.csv(distance_band),team-d:OUTPUT.csv(observability_score),FAA-AVINFO-DOWNLOAD-2026-03-07;Repair Station Contacts with Ratings (Download).xlsx / Sheet 1;team-d-observability/OUTPUT.csv
1B6R708C,WESTERN SKYWAYS TURBINE INC,DBA ROCKY MOUNTAIN TURBINE TURBINE SERVICES,"1681 6450 RD, UNIT 3A N/A",MONTROSE,CO,81401,,,,1B6R708C,yes,Cert 1B6R708C; Designator 1B6R,,,on-airport,Montrose Regional Airport,KMTJ,0.23,team-d:OUTPUT.csv(observability_score),,0.85,no,team-a:OUTPUT.csv,team-a:OUTPUT.csv(certificate_hints),,,team-c:OUTPUT.csv(distance_band),team-d:OUTPUT.csv(observability_score),FAA-AVINFO-DOWNLOAD-2026-03-07;Repair Station Contacts with Ratings (Download).xlsx / Sheet 1;team-d-observability/OUTPUT.csv
ZW8R398Y,WESTPAC PROPELLER SERVICES INC,,765 AVIATION WAY,COLORADO SPRINGS,CO,80916,,,,ZW8R398Y,yes,Cert ZW8R398Y; Designator ZW8R,,,on-airport,City of Colorado Springs Municipal Airport,KCOS,0.23,team-d:OUTPUT.csv(observability_score),,0.85,no,team-a:OUTPUT.csv,team-a:OUTPUT.csv(certificate_hints),,,team-c:OUTPUT.csv(distance_band),team-d:OUTPUT.csv(observability_score),FAA-AVINFO-DOWNLOAD-2026-03-07;Repair Station Contacts with Ratings (Download).xlsx / Sheet 1;team-d-observability/OUTPUT.csv
XDWR042L,WOODWARD HRT INC,,1000 E. DRAKE ROAD,FT. COLLINS,CO,80525,,,,XDWR042L,yes,Cert XDWR042L; Designator XDWR,,,near-airport,Northern Colorado Regional Airport,KFNL,0.23,team-d:OUTPUT.csv(observability_score),,0.85,no,team-a:OUTPUT.csv,team-a:OUTPUT.csv(certificate_hints),,,team-c:OUTPUT.csv(distance_band),team-d:OUTPUT.csv(observability_score),FAA-AVINFO-DOWNLOAD-2026-03-07;Repair Station Contacts with Ratings (Download).xlsx / Sheet 1;team-d-observability/OUTPUT.csv
