route_id,route_path_template,route_label,route_kind,route_category_id,route_source,source_component,route_source_status,mapped_fs_ids,mapped_mbp_ids,implementation_state,verification_state,last_reviewed_at_utc,reviewed_by,key_subfeatures,gap_notes,evidence_links
"RTC-0001","/billing","Billing","redirect","CAT-BILLING","src/router/routeModules/protectedAppRoutes.tsx","Navigate(to=/billing/customers)","router_only","FS-0007, FS-0008, FS-0032, FS-0062, FS-0063, FS-0064, FS-0065, FS-0066","MBP-0024, MBP-0119, MBP-0146, MBP-0147, MBP-0148, MBP-0149, MBP-0150","implemented","doc_reviewed","2026-03-04T00:00:00Z","master-spec-expansion-agent","Billing; Role-scoped access flow; State transition controls","Route exists in router modules without a dedicated page file; behavior is redirect/catch-all managed.","src/router/routeModules/protectedAppRoutes.tsx"
"RTC-0002","/billing/analytics","Billing Analytics","page","CAT-BILLING","src/router/routeModules/protectedAppRoutes.tsx","BillingAnalyticsPage","routed","FS-0007, FS-0008, FS-0032, FS-0062, FS-0063, FS-0064, FS-0065, FS-0066","MBP-0024, MBP-0119, MBP-0146, MBP-0147, MBP-0148, MBP-0149, MBP-0150","partially_implemented","doc_reviewed","2026-03-04T00:00:00Z","master-spec-expansion-agent","Billing Analytics; Monthly Revenue — Last 6 Months; Revenue by Month; AR Aging; Top Customers by Collected Revenue","—","src/router/routeModules/protectedAppRoutes.tsx; app/(app)/billing/analytics/page.tsx"
"RTC-0003","/billing/ar-dashboard","AR Dashboard","page","CAT-BILLING","src/router/routeModules/protectedAppRoutes.tsx","ArDashboardPage","routed","FS-0007, FS-0008, FS-0032, FS-0062, FS-0063, FS-0064, FS-0065, FS-0066","MBP-0024, MBP-0119, MBP-0146, MBP-0147, MBP-0148, MBP-0149, MBP-0150","partially_implemented","doc_reviewed","2026-03-04T00:00:00Z","master-spec-expansion-agent","AR Dashboard; Customer Balances; Validation and error-state handling","—","src/router/routeModules/protectedAppRoutes.tsx; app/(app)/billing/ar-dashboard/page.tsx"
"RTC-0004","/billing/credit-memos","Credit Memos","page","CAT-BILLING","src/router/routeModules/protectedAppRoutes.tsx","BillingCreditMemosPage","routed","FS-0007, FS-0008, FS-0032, FS-0062, FS-0063, FS-0064, FS-0065, FS-0066","MBP-0024, MBP-0119, MBP-0146, MBP-0147, MBP-0148, MBP-0149, MBP-0150","partially_implemented","doc_reviewed","2026-03-04T00:00:00Z","master-spec-expansion-agent","Credit Memos; Role-scoped action controls; Validation and error-state handling","—","src/router/routeModules/protectedAppRoutes.tsx; app/(app)/billing/credit-memos/page.tsx"
"RTC-0005","/billing/customers","Customers","page","CAT-BILLING","src/router/routeModules/protectedAppRoutes.tsx","CustomersPage","routed","FS-0007, FS-0008, FS-0032, FS-0062, FS-0063, FS-0064, FS-0065, FS-0066","MBP-0024, MBP-0119, MBP-0146, MBP-0147, MBP-0148, MBP-0149, MBP-0150","partially_implemented","doc_reviewed","2026-03-04T00:00:00Z","master-spec-expansion-agent","Customers; Role-scoped action controls; Validation and error-state handling","—","src/router/routeModules/protectedAppRoutes.tsx; app/(app)/billing/customers/page.tsx"
"RTC-0006","/billing/customers/:id","Billing Customers Detail","page","CAT-BILLING","src/router/routeModules/protectedAppRoutes.tsx","CustomerDetailPage","routed","FS-0007, FS-0008, FS-0032, FS-0062, FS-0063, FS-0064, FS-0065, FS-0066","MBP-0024, MBP-0119, MBP-0146, MBP-0147, MBP-0148, MBP-0149, MBP-0150","partially_implemented","doc_reviewed","2026-03-04T00:00:00Z","master-spec-expansion-agent","customer?.name; Customer Information; Quotes; Invoices; Payment History","—","src/router/routeModules/protectedAppRoutes.tsx; app/(app)/billing/customers/[id]/page.tsx"
"RTC-0007","/billing/deposits","Deposits","page","CAT-BILLING","src/router/routeModules/protectedAppRoutes.tsx","BillingDepositsPage","routed","FS-0007, FS-0008, FS-0032, FS-0062, FS-0063, FS-0064, FS-0065, FS-0066","MBP-0024, MBP-0119, MBP-0146, MBP-0147, MBP-0148, MBP-0149, MBP-0150","partially_implemented","doc_reviewed","2026-03-04T00:00:00Z","master-spec-expansion-agent","Deposits; Role-scoped action controls; Validation and error-state handling","—","src/router/routeModules/protectedAppRoutes.tsx; app/(app)/billing/deposits/page.tsx"
"RTC-0008","/billing/invoices","Invoices","page","CAT-BILLING","src/router/routeModules/protectedAppRoutes.tsx","InvoicesPage","routed","FS-0007, FS-0008, FS-0032, FS-0062, FS-0063, FS-0064, FS-0065, FS-0066","MBP-0024, MBP-0119, MBP-0146, MBP-0147, MBP-0148, MBP-0149, MBP-0150","partially_implemented","doc_reviewed","2026-03-04T00:00:00Z","master-spec-expansion-agent","Invoices; Cash; Check; Credit Card; Wire Transfer","—","src/router/routeModules/protectedAppRoutes.tsx; app/(app)/billing/invoices/page.tsx"
"RTC-0009","/billing/invoices/:id","Billing Invoices Detail","page","CAT-BILLING","src/router/routeModules/protectedAppRoutes.tsx","InvoiceDetailPage","routed","FS-0007, FS-0008, FS-0032, FS-0062, FS-0063, FS-0064, FS-0065, FS-0066","MBP-0024, MBP-0119, MBP-0146, MBP-0147, MBP-0148, MBP-0149, MBP-0150","partially_implemented","doc_reviewed","2026-03-04T00:00:00Z","master-spec-expansion-agent","invoice.invoiceNumber; Invoice invoice.invoiceNumber; Invoice Summary; Line Items; Payment History","—","src/router/routeModules/protectedAppRoutes.tsx; app/(app)/billing/invoices/[id]/page.tsx"
"RTC-0010","/billing/invoices/new","Billing Invoices New","page","CAT-BILLING","src/router/routeModules/protectedAppRoutes.tsx","NewInvoicePage","routed","FS-0007, FS-0008, FS-0032, FS-0062, FS-0063, FS-0064, FS-0065, FS-0066","MBP-0024, MBP-0119, MBP-0146, MBP-0147, MBP-0148, MBP-0149, MBP-0150","partially_implemented","doc_reviewed","2026-03-04T00:00:00Z","master-spec-expansion-agent","New Invoice; Invoice Source; Invoice Details; Tax Rate","—","src/router/routeModules/protectedAppRoutes.tsx; app/(app)/billing/invoices/new/page.tsx"
"RTC-0011","/billing/labor-kits","Labor Kits","page","CAT-BILLING","src/router/routeModules/protectedAppRoutes.tsx","LaborKitsPage","routed","FS-0007, FS-0008, FS-0032, FS-0062, FS-0063, FS-0064, FS-0065, FS-0066","MBP-0024, MBP-0119, MBP-0146, MBP-0147, MBP-0148, MBP-0149, MBP-0150","partially_implemented","doc_reviewed","2026-03-04T00:00:00Z","master-spec-expansion-agent","Labor Kits; Role-scoped action controls; Validation and error-state handling","—","src/router/routeModules/protectedAppRoutes.tsx; app/(app)/billing/labor-kits/page.tsx"
"RTC-0012","/billing/otc","OTC Sales","page","CAT-BILLING","src/router/routeModules/protectedAppRoutes.tsx","OTCSalesPage","routed","FS-0007, FS-0008, FS-0032, FS-0062, FS-0063, FS-0064, FS-0065, FS-0066","MBP-0024, MBP-0119, MBP-0146, MBP-0147, MBP-0148, MBP-0149, MBP-0150","partially_implemented","doc_reviewed","2026-03-04T00:00:00Z","master-spec-expansion-agent","Counter Sales; Add Items; Cart (cart.length itemcart.length !== 1 ? ""s"" : """"); Payment; Sales History","—","src/router/routeModules/protectedAppRoutes.tsx; app/(app)/billing/otc/page.tsx"
"RTC-0013","/billing/pricing","Pricing","page","CAT-BILLING","src/router/routeModules/protectedAppRoutes.tsx","BillingPricingPage","routed","FS-0007, FS-0008, FS-0032, FS-0062, FS-0063, FS-0064, FS-0065, FS-0066","MBP-0024, MBP-0119, MBP-0146, MBP-0147, MBP-0148, MBP-0149, MBP-0150","partially_implemented","doc_reviewed","2026-03-04T00:00:00Z","master-spec-expansion-agent","Pricing; Pricing Profiles; Pricing Rules","—","src/router/routeModules/protectedAppRoutes.tsx; app/(app)/billing/pricing/page.tsx"
"RTC-0014","/billing/purchase-orders","Purchase Orders","page","CAT-BILLING","src/router/routeModules/protectedAppRoutes.tsx","PurchaseOrdersPage","routed","FS-0007, FS-0008, FS-0032, FS-0062, FS-0063, FS-0064, FS-0065, FS-0066","MBP-0024, MBP-0119, MBP-0146, MBP-0147, MBP-0148, MBP-0149, MBP-0150","partially_implemented","doc_reviewed","2026-03-04T00:00:00Z","master-spec-expansion-agent","Purchase Orders; Draft; Submitted; Partial; Received","—","src/router/routeModules/protectedAppRoutes.tsx; app/(app)/billing/purchase-orders/page.tsx"
"RTC-0015","/billing/purchase-orders/:id","Billing Purchase Orders Detail","page","CAT-BILLING","src/router/routeModules/protectedAppRoutes.tsx","PODetailPage","routed","FS-0007, FS-0008, FS-0032, FS-0062, FS-0063, FS-0064, FS-0065, FS-0066","MBP-0024, MBP-0119, MBP-0146, MBP-0147, MBP-0148, MBP-0149, MBP-0150","partially_implemented","doc_reviewed","2026-03-04T00:00:00Z","master-spec-expansion-agent","po.poNumber; PO Summary; Line Items","—","src/router/routeModules/protectedAppRoutes.tsx; app/(app)/billing/purchase-orders/[id]/page.tsx"
"RTC-0016","/billing/purchase-orders/new","Billing Purchase Orders New","page","CAT-BILLING","src/router/routeModules/protectedAppRoutes.tsx","NewPOPage","routed","FS-0007, FS-0008, FS-0032, FS-0062, FS-0063, FS-0064, FS-0065, FS-0066","MBP-0024, MBP-0119, MBP-0146, MBP-0147, MBP-0148, MBP-0149, MBP-0150","partially_implemented","doc_reviewed","2026-03-04T00:00:00Z","master-spec-expansion-agent","New Purchase Order; PO Details; Line Items","—","src/router/routeModules/protectedAppRoutes.tsx; app/(app)/billing/purchase-orders/new/page.tsx"
"RTC-0017","/billing/quotes","Quotes","page","CAT-BILLING","src/router/routeModules/protectedAppRoutes.tsx","QuotesPage","routed","FS-0007, FS-0008, FS-0032, FS-0062, FS-0063, FS-0064, FS-0065, FS-0066","MBP-0024, MBP-0119, MBP-0146, MBP-0147, MBP-0148, MBP-0149, MBP-0150","partially_implemented","doc_reviewed","2026-03-04T00:00:00Z","master-spec-expansion-agent","Quotes; Role-scoped action controls; Validation and error-state handling","—","src/router/routeModules/protectedAppRoutes.tsx; app/(app)/billing/quotes/page.tsx"
"RTC-0018","/billing/quotes/:id","Billing Quotes Detail","page","CAT-BILLING","src/router/routeModules/protectedAppRoutes.tsx","QuoteDetailPage","routed","FS-0007, FS-0008, FS-0032, FS-0062, FS-0063, FS-0064, FS-0065, FS-0066","MBP-0024, MBP-0119, MBP-0146, MBP-0147, MBP-0148, MBP-0149, MBP-0150","partially_implemented","doc_reviewed","2026-03-04T00:00:00Z","master-spec-expansion-agent","Billing Quotes Detail; Role-scoped action controls; Validation and error-state handling","—","src/router/routeModules/protectedAppRoutes.tsx; app/(app)/billing/quotes/[id]/page.tsx"
"RTC-0019","/billing/quotes/new","Billing Quotes New","page","CAT-BILLING","src/router/routeModules/protectedAppRoutes.tsx","NewQuotePage","routed","FS-0007, FS-0008, FS-0032, FS-0062, FS-0063, FS-0064, FS-0065, FS-0066","MBP-0024, MBP-0119, MBP-0146, MBP-0147, MBP-0148, MBP-0149, MBP-0150","partially_implemented","doc_reviewed","2026-03-04T00:00:00Z","master-spec-expansion-agent","Billing Quotes New; Role-scoped action controls; Validation and error-state handling","—","src/router/routeModules/protectedAppRoutes.tsx; app/(app)/billing/quotes/new/page.tsx"
"RTC-0020","/billing/recurring","Recurring","page","CAT-BILLING","src/router/routeModules/protectedAppRoutes.tsx","BillingRecurringPage","routed","FS-0007, FS-0008, FS-0032, FS-0062, FS-0063, FS-0064, FS-0065, FS-0066","MBP-0024, MBP-0119, MBP-0146, MBP-0147, MBP-0148, MBP-0149, MBP-0150","partially_implemented","doc_reviewed","2026-03-04T00:00:00Z","master-spec-expansion-agent","Recurring; Recurring Billing; Validation and error-state handling","—","src/router/routeModules/protectedAppRoutes.tsx; app/(app)/billing/recurring/page.tsx"
"RTC-0021","/billing/settings","Billing Settings","page","CAT-BILLING","src/router/routeModules/protectedAppRoutes.tsx","BillingSettingsPage","routed","FS-0007, FS-0008, FS-0032, FS-0062, FS-0063, FS-0064, FS-0065, FS-0066","MBP-0024, MBP-0119, MBP-0146, MBP-0147, MBP-0148, MBP-0149, MBP-0150","partially_implemented","doc_reviewed","2026-03-04T00:00:00Z","master-spec-expansion-agent","Billing Settings; Role-scoped action controls; Validation and error-state handling","Page includes explicit coming-soon/stub indicators; capability is partial.","src/router/routeModules/protectedAppRoutes.tsx; app/(app)/billing/settings/page.tsx"
"RTC-0022","/billing/tax-config","Tax Config","page","CAT-BILLING","src/router/routeModules/protectedAppRoutes.tsx","BillingTaxConfigPage","routed","FS-0007, FS-0008, FS-0032, FS-0062, FS-0063, FS-0064, FS-0065, FS-0066","MBP-0024, MBP-0119, MBP-0146, MBP-0147, MBP-0148, MBP-0149, MBP-0150","partially_implemented","doc_reviewed","2026-03-04T00:00:00Z","master-spec-expansion-agent","Tax Config; Tax Configuration; Validation and error-state handling","—","src/router/routeModules/protectedAppRoutes.tsx; app/(app)/billing/tax-config/page.tsx"
"RTC-0023","/billing/time-approval","Time Approval","page","CAT-BILLING","src/router/routeModules/protectedAppRoutes.tsx","BillingTimeApprovalPage","routed","FS-0007, FS-0008, FS-0032, FS-0062, FS-0063, FS-0064, FS-0065, FS-0066","MBP-0024, MBP-0119, MBP-0146, MBP-0147, MBP-0148, MBP-0149, MBP-0150","partially_implemented","doc_reviewed","2026-03-04T00:00:00Z","master-spec-expansion-agent","Time Approval; Time Clock Approval; Validation and error-state handling","—","src/router/routeModules/protectedAppRoutes.tsx; app/(app)/billing/time-approval/page.tsx"
"RTC-0024","/billing/time-clock","Time Clock","page","CAT-BILLING","src/router/routeModules/protectedAppRoutes.tsx","BillingTimeClockPage","routed","FS-0007, FS-0008, FS-0032, FS-0062, FS-0063, FS-0064, FS-0065, FS-0066","MBP-0024, MBP-0119, MBP-0146, MBP-0147, MBP-0148, MBP-0149, MBP-0150","partially_implemented","doc_reviewed","2026-03-04T00:00:00Z","master-spec-expansion-agent","Time Clock; Today&apos;s Summary; Validation and error-state handling","—","src/router/routeModules/protectedAppRoutes.tsx; app/(app)/billing/time-clock/page.tsx"
"RTC-0025","/billing/vendors","Vendors","page","CAT-BILLING","src/router/routeModules/protectedAppRoutes.tsx","VendorsPage","routed","FS-0007, FS-0008, FS-0032, FS-0062, FS-0063, FS-0064, FS-0065, FS-0066","MBP-0024, MBP-0119, MBP-0146, MBP-0147, MBP-0148, MBP-0149, MBP-0150","partially_implemented","doc_reviewed","2026-03-04T00:00:00Z","master-spec-expansion-agent","Vendors; Role-scoped action controls; Validation and error-state handling","—","src/router/routeModules/protectedAppRoutes.tsx; app/(app)/billing/vendors/page.tsx"
"RTC-0026","/billing/vendors/:id","Billing Vendors Detail","page","CAT-BILLING","src/router/routeModules/protectedAppRoutes.tsx","VendorDetailPage","routed","FS-0007, FS-0008, FS-0032, FS-0062, FS-0063, FS-0064, FS-0065, FS-0066","MBP-0024, MBP-0119, MBP-0146, MBP-0147, MBP-0148, MBP-0149, MBP-0150","partially_implemented","doc_reviewed","2026-03-04T00:00:00Z","master-spec-expansion-agent","vendor.name; Services; Contact Information; Certification; Purchase Order History","—","src/router/routeModules/protectedAppRoutes.tsx; app/(app)/billing/vendors/[id]/page.tsx"
"RTC-0027","/billing/vendors/new","Billing Vendors New","page","CAT-BILLING","src/router/routeModules/protectedAppRoutes.tsx","NewVendorPage","routed","FS-0007, FS-0008, FS-0032, FS-0062, FS-0063, FS-0064, FS-0065, FS-0066","MBP-0024, MBP-0119, MBP-0146, MBP-0147, MBP-0148, MBP-0149, MBP-0150","partially_implemented","doc_reviewed","2026-03-04T00:00:00Z","master-spec-expansion-agent","New Vendor; Vendor Information; Contact Information; Certification; Parts Supplier","—","src/router/routeModules/protectedAppRoutes.tsx; app/(app)/billing/vendors/new/page.tsx"
"RTC-0028","/billing/warranty","Warranty","page","CAT-BILLING","src/router/routeModules/protectedAppRoutes.tsx","WarrantyPage","routed","FS-0007, FS-0008, FS-0032, FS-0062, FS-0063, FS-0064, FS-0065, FS-0066","MBP-0024, MBP-0119, MBP-0146, MBP-0147, MBP-0148, MBP-0149, MBP-0150","partially_implemented","doc_reviewed","2026-03-04T00:00:00Z","master-spec-expansion-agent","Total Claims; Draft; Submitted; Under Review; Approved","—","src/router/routeModules/protectedAppRoutes.tsx; app/(app)/billing/warranty/page.tsx"
"RTC-0029","/compliance","Compliance","page","CAT-COMPLIANCE","src/router/routeModules/protectedAppRoutes.tsx","CompliancePage","routed","FS-0020, FS-0030, FS-0061","MBP-0011, MBP-0117, MBP-0145","partially_implemented","doc_reviewed","2026-03-04T00:00:00Z","master-spec-expansion-agent","Compliance; Fleet AD Compliance Status; Compliance Tools","—","src/router/routeModules/protectedAppRoutes.tsx; app/(app)/compliance/page.tsx"
"RTC-0030","/compliance/ad-sb","AD/SB","page","CAT-COMPLIANCE","src/router/routeModules/protectedAppRoutes.tsx","AdSbCompliancePage","routed","FS-0020, FS-0030, FS-0061","MBP-0011, MBP-0117, MBP-0145","partially_implemented","doc_reviewed","2026-03-04T00:00:00Z","master-spec-expansion-agent","AD/SB; Role-scoped action controls; Validation and error-state handling","—","src/router/routeModules/protectedAppRoutes.tsx; app/(app)/compliance/ad-sb/page.tsx"
"RTC-0031","/compliance/audit-trail","Audit Trail","page","CAT-COMPLIANCE","src/router/routeModules/protectedAppRoutes.tsx","AuditTrailPage","routed","FS-0020, FS-0030, FS-0061","MBP-0011, MBP-0117, MBP-0145","partially_implemented","doc_reviewed","2026-03-04T00:00:00Z","master-spec-expansion-agent","Audit Trail; Airworthiness Directives — aircraftRegistration; Validation and error-state handling","—","src/router/routeModules/protectedAppRoutes.tsx; app/(app)/compliance/audit-trail/page.tsx"
"RTC-0032","/compliance/certificates","Compliance Certificates","redirect","CAT-COMPLIANCE","src/router/routeModules/protectedAppRoutes.tsx","Navigate(to=/compliance/audit-trail)","router_only","FS-0020, FS-0030, FS-0061","MBP-0011, MBP-0117, MBP-0145","implemented","doc_reviewed","2026-03-04T00:00:00Z","master-spec-expansion-agent","Compliance Certificates; Role-scoped access flow; State transition controls","Route exists in router modules without a dedicated page file; behavior is redirect/catch-all managed.","src/router/routeModules/protectedAppRoutes.tsx"
"RTC-0033","/compliance/qcm-review","QCM Review","page","CAT-COMPLIANCE","src/router/routeModules/protectedAppRoutes.tsx","QcmReviewPage","routed","FS-0020, FS-0030, FS-0061","MBP-0011, MBP-0117, MBP-0145","partially_implemented","doc_reviewed","2026-03-04T00:00:00Z","master-spec-expansion-agent","QCM Review; IA Sign-Off Queue; Validation and error-state handling","—","src/router/routeModules/protectedAppRoutes.tsx; app/(app)/compliance/qcm-review/page.tsx"
"RTC-0034","/dashboard","Dashboard","page","CAT-DASHBOARD","src/router/routeModules/protectedAppRoutes.tsx","DashboardPage","routed","FS-0012, FS-0026","MBP-0056, MBP-0057","partially_implemented","doc_reviewed","2026-03-04T00:00:00Z","master-spec-expansion-agent","Dashboard; Active Work Orders; AOG Aircraft; Overdue ADs; Open Discrepancies","—","src/router/routeModules/protectedAppRoutes.tsx; app/(app)/dashboard/page.tsx"
"RTC-0035","/fleet","Fleet","page","CAT-FLEET","src/router/routeModules/protectedAppRoutes.tsx","FleetPage","routed","FS-0020, FS-0029, FS-0035","MBP-0009, MBP-0047, MBP-0126","partially_implemented","doc_reviewed","2026-03-04T00:00:00Z","master-spec-expansion-agent","Fleet; Airworthy; Airworthy w/ Limitations; In Maintenance; Out of Service","—","src/router/routeModules/protectedAppRoutes.tsx; app/(app)/fleet/page.tsx"
"RTC-0036","/fleet/:tail","Fleet Aircraft Tail","page","CAT-FLEET","src/router/routeModules/protectedAppRoutes.tsx","AircraftDetailPage","routed","FS-0020, FS-0029, FS-0035","MBP-0009, MBP-0047, MBP-0126","partially_implemented","doc_reviewed","2026-03-04T00:00:00Z","master-spec-expansion-agent","aircraft!.currentRegistration; Work Orders; Identification; Customer; Airworthy","Page includes explicit coming-soon/stub indicators; capability is partial.","src/router/routeModules/protectedAppRoutes.tsx; app/(app)/fleet/[tail]/page.tsx"
"RTC-0037","/fleet/:tail/logbook","Fleet Aircraft Tail Logbook","page","CAT-FLEET","src/router/routeModules/protectedAppRoutes.tsx","AircraftLogbookPage","routed","FS-0020, FS-0029, FS-0035","MBP-0009, MBP-0047, MBP-0126","partially_implemented","doc_reviewed","2026-03-04T00:00:00Z","master-spec-expansion-agent","tailNumber; Maintenance; Inspection; Correction","—","src/router/routeModules/protectedAppRoutes.tsx; app/(app)/fleet/[tail]/logbook/page.tsx"
"RTC-0038","/fleet/calendar","Fleet Calendar","page","CAT-FLEET","src/router/routeModules/protectedAppRoutes.tsx","FleetCalendarPage","routed","FS-0020, FS-0029, FS-0035","MBP-0009, MBP-0047, MBP-0126","partially_implemented","doc_reviewed","2026-03-04T00:00:00Z","master-spec-expansion-agent","Fleet Calendar; Role-scoped action controls; Validation and error-state handling","—","src/router/routeModules/protectedAppRoutes.tsx; app/(app)/fleet/calendar/page.tsx"
"RTC-0039","/fleet/predictions","Fleet Predictions","page","CAT-FLEET","src/router/routeModules/protectedAppRoutes.tsx","PredictionsPage","routed","FS-0020, FS-0029, FS-0035","MBP-0009, MBP-0047, MBP-0126","partially_implemented","doc_reviewed","2026-03-04T00:00:00Z","master-spec-expansion-agent","Fleet Predictions; Predictive Maintenance; Validation and error-state handling","—","src/router/routeModules/protectedAppRoutes.tsx; app/(app)/fleet/predictions/page.tsx"
"RTC-0040","/lead","Lead","page","CAT-LEAD","src/router/routeModules/protectedAppRoutes.tsx","LeadDashboardPage","routed","FS-0028, FS-0055","MBP-0134, MBP-0139","partially_implemented","doc_reviewed","2026-03-04T00:00:00Z","master-spec-expansion-agent","Lead Technician Workspace; My Team; Assignment Board; Team Capacity; Active WO Summary","—","src/router/routeModules/protectedAppRoutes.tsx; app/(app)/lead/page.tsx"
"RTC-0041","/my-work","My Work","page","CAT-MY-WORK","src/router/routeModules/protectedAppRoutes.tsx","MyWorkPage","routed","FS-0023, FS-0044, FS-0058","MBP-0123, MBP-0142","partially_implemented","doc_reviewed","2026-03-04T00:00:00Z","master-spec-expansion-agent","My Work; Role-scoped action controls; Validation and error-state handling","—","src/router/routeModules/protectedAppRoutes.tsx; app/(app)/my-work/page.tsx"
"RTC-0042","/onboarding","Onboarding","page","CAT-ONBOARDING","src/router/routeModules/protectedAppRoutes.tsx","OnboardingPage","routed","FS-0041, FS-0069","MBP-0105, MBP-0153","partially_implemented","doc_reviewed","2026-03-04T00:00:00Z","master-spec-expansion-agent","Onboarding; Role-scoped action controls; Validation and error-state handling","—","src/router/routeModules/protectedAppRoutes.tsx; app/(app)/onboarding/page.tsx"
"RTC-0043","/parts","Parts","page","CAT-PARTS","src/router/routeModules/protectedAppRoutes.tsx","PartsPage","routed","FS-0019, FS-0052, FS-0067","MBP-0020, MBP-0122, MBP-0151","partially_implemented","doc_reviewed","2026-03-04T00:00:00Z","master-spec-expansion-agent","Parts; Role-scoped action controls; Validation and error-state handling","—","src/router/routeModules/protectedAppRoutes.tsx; app/(app)/parts/page.tsx"
"RTC-0044","/parts/cores","Cores","page","CAT-PARTS","src/router/routeModules/protectedAppRoutes.tsx","CoresPage","routed","FS-0019, FS-0052, FS-0067","MBP-0020, MBP-0122, MBP-0151","partially_implemented","doc_reviewed","2026-03-04T00:00:00Z","master-spec-expansion-agent","Cores Out; Value Outstanding; Overdue; Awaiting Return; Received","—","src/router/routeModules/protectedAppRoutes.tsx; app/(app)/parts/cores/page.tsx"
"RTC-0045","/parts/inventory-count","Inventory Count","page","CAT-PARTS","src/router/routeModules/protectedAppRoutes.tsx","InventoryCountPage","routed","FS-0019, FS-0052, FS-0067","MBP-0020, MBP-0122, MBP-0151","partially_implemented","doc_reviewed","2026-03-04T00:00:00Z","master-spec-expansion-agent","Inventory Count; countDetail.name; Inventory Counts","—","src/router/routeModules/protectedAppRoutes.tsx; app/(app)/parts/inventory-count/page.tsx"
"RTC-0046","/parts/loaners","Loaners","page","CAT-PARTS","src/router/routeModules/protectedAppRoutes.tsx","LoanersPage","routed","FS-0019, FS-0052, FS-0067","MBP-0020, MBP-0122, MBP-0151","partially_implemented","doc_reviewed","2026-03-04T00:00:00Z","master-spec-expansion-agent","Loaners; Rental / Loaner Tracking; Validation and error-state handling","—","src/router/routeModules/protectedAppRoutes.tsx; app/(app)/parts/loaners/page.tsx"
"RTC-0047","/parts/new","New Part","page","CAT-PARTS","src/router/routeModules/protectedAppRoutes.tsx","NewPartPage","routed","FS-0019, FS-0052, FS-0067","MBP-0020, MBP-0122, MBP-0151","partially_implemented","doc_reviewed","2026-03-04T00:00:00Z","master-spec-expansion-agent","Serviceable (used); Overhauled; Repaired","—","src/router/routeModules/protectedAppRoutes.tsx; app/(app)/parts/new/page.tsx"
"RTC-0048","/parts/receiving","Part Receiving","page","CAT-PARTS","src/router/routeModules/protectedAppRoutes.tsx","PartsReceivingPage","routed","FS-0019, FS-0052, FS-0067","MBP-0020, MBP-0122, MBP-0151","partially_implemented","doc_reviewed","2026-03-04T00:00:00Z","master-spec-expansion-agent","Part Receiving; Role-scoped action controls; Validation and error-state handling","—","src/router/routeModules/protectedAppRoutes.tsx; app/(app)/parts/receiving/page.tsx"
"RTC-0049","/parts/requests","Part Requests","page","CAT-PARTS","src/router/routeModules/protectedAppRoutes.tsx","PartsRequestsPage","routed","FS-0019, FS-0052, FS-0067","MBP-0020, MBP-0122, MBP-0151","partially_implemented","doc_reviewed","2026-03-04T00:00:00Z","master-spec-expansion-agent","Parts Queue; Pending Inspection; In Stock; Installed; Removed — Pending Disposition","—","src/router/routeModules/protectedAppRoutes.tsx; app/(app)/parts/requests/page.tsx"
"RTC-0050","/parts/rotables","Rotables","page","CAT-PARTS","src/router/routeModules/protectedAppRoutes.tsx","RotablesPage","routed","FS-0019, FS-0052, FS-0067","MBP-0020, MBP-0122, MBP-0151","partially_implemented","doc_reviewed","2026-03-04T00:00:00Z","master-spec-expansion-agent","Rotables; Rotable Components; Validation and error-state handling","—","src/router/routeModules/protectedAppRoutes.tsx; app/(app)/parts/rotables/page.tsx"
"RTC-0051","/parts/shipping","Shipping","page","CAT-PARTS","src/router/routeModules/protectedAppRoutes.tsx","ShippingPage","routed","FS-0019, FS-0052, FS-0067","MBP-0020, MBP-0122, MBP-0151","partially_implemented","doc_reviewed","2026-03-04T00:00:00Z","master-spec-expansion-agent","Open Receiving; Total; Pending; In Transit; Delivered","—","src/router/routeModules/protectedAppRoutes.tsx; app/(app)/parts/shipping/page.tsx"
"RTC-0052","/parts/tools","Tools","page","CAT-PARTS","src/router/routeModules/protectedAppRoutes.tsx","ToolCribPage","routed","FS-0019, FS-0052, FS-0067","MBP-0020, MBP-0122, MBP-0151","partially_implemented","doc_reviewed","2026-03-04T00:00:00Z","master-spec-expansion-agent","Hand Tool; Power Tool; Test Equipment; Special Tooling; Consumable","—","src/router/routeModules/protectedAppRoutes.tsx; app/(app)/parts/tools/page.tsx"
"RTC-0053","/personnel","Personnel","page","CAT-PERSONNEL","src/router/routeModules/protectedAppRoutes.tsx","PersonnelPage","routed","FS-0016, FS-0021","MBP-0001, MBP-0134","partially_implemented","doc_reviewed","2026-03-04T00:00:00Z","master-spec-expansion-agent","Personnel; Role-scoped action controls; Validation and error-state handling","—","src/router/routeModules/protectedAppRoutes.tsx; app/(app)/personnel/page.tsx"
"RTC-0054","/personnel/training","Training","page","CAT-PERSONNEL","src/router/routeModules/protectedAppRoutes.tsx","TrainingPage","routed","FS-0016, FS-0021","MBP-0001, MBP-0134","partially_implemented","doc_reviewed","2026-03-04T00:00:00Z","master-spec-expansion-agent","Training &amp; Qualifications; Initial; Recurrent; Regulatory; Safety","—","src/router/routeModules/protectedAppRoutes.tsx; app/(app)/personnel/training/page.tsx"
"RTC-0055","/portal","Portal","page","CAT-PORTAL","src/router/routeModules/customerPortalRoutes.tsx","CustomerDashboardPage","routed","FS-0010, FS-0062","MBP-0019, MBP-0146","partially_implemented","doc_reviewed","2026-03-04T00:00:00Z","master-spec-expansion-agent","No customer account linked; Active Work Orders; Pending Quotes; Outstanding Invoices; Total Fleet","—","src/router/routeModules/customerPortalRoutes.tsx; app/(customer)/portal/page.tsx"
"RTC-0056","/portal/fleet","Portal Fleet","page","CAT-PORTAL","src/router/routeModules/customerPortalRoutes.tsx","CustomerFleetPage","routed","FS-0010, FS-0062","MBP-0019, MBP-0146","partially_implemented","doc_reviewed","2026-03-04T00:00:00Z","master-spec-expansion-agent","Portal Fleet; My Fleet; Validation and error-state handling","—","src/router/routeModules/customerPortalRoutes.tsx; app/(customer)/portal/fleet/page.tsx"
"RTC-0057","/portal/invoices","Portal Invoices","page","CAT-PORTAL","src/router/routeModules/customerPortalRoutes.tsx","CustomerInvoicesPage","routed","FS-0010, FS-0062","MBP-0019, MBP-0146","partially_implemented","doc_reviewed","2026-03-04T00:00:00Z","master-spec-expansion-agent","Portal Invoices; Invoices; invoice.invoiceNumber","—","src/router/routeModules/customerPortalRoutes.tsx; app/(customer)/portal/invoices/page.tsx"
"RTC-0058","/portal/quotes","Portal Quotes","page","CAT-PORTAL","src/router/routeModules/customerPortalRoutes.tsx","CustomerQuotesPage","routed","FS-0010, FS-0062","MBP-0019, MBP-0146","partially_implemented","doc_reviewed","2026-03-04T00:00:00Z","master-spec-expansion-agent","Portal Quotes; Quotes; quote.quoteNumber","—","src/router/routeModules/customerPortalRoutes.tsx; app/(customer)/portal/quotes/page.tsx"
"RTC-0059","/portal/work-orders","Portal Work Orders","page","CAT-PORTAL","src/router/routeModules/customerPortalRoutes.tsx","CustomerWorkOrdersPage","routed","FS-0010, FS-0062","MBP-0019, MBP-0146","partially_implemented","doc_reviewed","2026-03-04T00:00:00Z","master-spec-expansion-agent","Work Orders; detail.workOrderNumber; Received; Inspection; In Progress","—","src/router/routeModules/customerPortalRoutes.tsx; app/(customer)/portal/work-orders/page.tsx"
"RTC-0060","/reports","Reports","page","CAT-REPORTS","src/router/routeModules/protectedAppRoutes.tsx","ReportsPage","routed","FS-0012, FS-0051","MBP-0103, MBP-0137","partially_implemented","doc_reviewed","2026-03-04T00:00:00Z","master-spec-expansion-agent","Monthly Revenue; WO Throughput; Revenue Summary Table","—","src/router/routeModules/protectedAppRoutes.tsx; app/(app)/reports/page.tsx"
"RTC-0061","/reports/financials","Reports Financials","page","CAT-REPORTS","src/router/routeModules/protectedAppRoutes.tsx","FinancialDashboardPage","routed","FS-0012, FS-0051","MBP-0103, MBP-0137","partially_implemented","doc_reviewed","2026-03-04T00:00:00Z","master-spec-expansion-agent","Financial Dashboard; Monthly Revenue — Last 12 Months; Gross Margin Trend; Revenue by Aircraft Type","—","src/router/routeModules/protectedAppRoutes.tsx; app/(app)/reports/financials/page.tsx"
"RTC-0062","/reports/financials/forecast","Reports Financials Forecast","page","CAT-REPORTS","src/router/routeModules/protectedAppRoutes.tsx","FinancialForecastPage","routed","FS-0012, FS-0051","MBP-0103, MBP-0137","partially_implemented","doc_reviewed","2026-03-04T00:00:00Z","master-spec-expansion-agent","Cash Flow Forecast; horizon-Month Revenue / Cost / Profit Projection; Monthly Cash Flow Detail","—","src/router/routeModules/protectedAppRoutes.tsx; app/(app)/reports/financials/forecast/page.tsx"
"RTC-0063","/reports/financials/profitability","Reports Financials Profitability","page","CAT-REPORTS","src/router/routeModules/protectedAppRoutes.tsx","FinancialProfitabilityPage","routed","FS-0012, FS-0051","MBP-0103, MBP-0137","partially_implemented","doc_reviewed","2026-03-04T00:00:00Z","master-spec-expansion-agent","Reports Financials Profitability; WO Profitability; Per-WO Profit &amp; Loss","—","src/router/routeModules/protectedAppRoutes.tsx; app/(app)/reports/financials/profitability/page.tsx"
"RTC-0064","/reports/financials/runway","Reports Financials Runway","page","CAT-REPORTS","src/router/routeModules/protectedAppRoutes.tsx","FinancialRunwayPage","routed","FS-0012, FS-0051","MBP-0103, MBP-0137","partially_implemented","doc_reviewed","2026-03-04T00:00:00Z","master-spec-expansion-agent","Reports Financials Runway; Business Runway; 12-Month Cash Position Projection","—","src/router/routeModules/protectedAppRoutes.tsx; app/(app)/reports/financials/runway/page.tsx"
"RTC-0065","/scheduling","Scheduling","page","CAT-SCHEDULING","src/router/routeModules/protectedAppRoutes.tsx","SchedulingPage","routed","FS-0013, FS-0014, FS-0068","MBP-0110, MBP-0114, MBP-0152","partially_implemented","doc_reviewed","2026-03-04T00:00:00Z","master-spec-expansion-agent","Scheduling; Role-scoped action controls; Validation and error-state handling","—","src/router/routeModules/protectedAppRoutes.tsx; app/(app)/scheduling/page.tsx"
"RTC-0066","/scheduling/bays","Scheduling Bays","page","CAT-SCHEDULING","src/router/routeModules/protectedAppRoutes.tsx","BaysPage","routed","FS-0013, FS-0014, FS-0068","MBP-0110, MBP-0114, MBP-0152","partially_implemented","doc_reviewed","2026-03-04T00:00:00Z","master-spec-expansion-agent","Scheduling Bays; Hangar Bays; Validation and error-state handling","—","src/router/routeModules/protectedAppRoutes.tsx; app/(app)/scheduling/bays/page.tsx"
"RTC-0067","/scheduling/capacity","Scheduling Capacity","page","CAT-SCHEDULING","src/router/routeModules/protectedAppRoutes.tsx","CapacityPage","routed","FS-0013, FS-0014, FS-0068","MBP-0110, MBP-0114, MBP-0152","partially_implemented","doc_reviewed","2026-03-04T00:00:00Z","master-spec-expansion-agent","Scheduling Capacity; Role-scoped action controls; Validation and error-state handling","—","src/router/routeModules/protectedAppRoutes.tsx; app/(app)/scheduling/capacity/page.tsx"
"RTC-0068","/scheduling/financial-planning","Scheduling Financial Planning","page","CAT-SCHEDULING","src/router/routeModules/protectedAppRoutes.tsx","FinancialPlanningPage","routed","FS-0013, FS-0014, FS-0068","MBP-0110, MBP-0114, MBP-0152","partially_implemented","doc_reviewed","2026-03-04T00:00:00Z","master-spec-expansion-agent","Scheduling Financial Planning; Assumptions; Validation and error-state handling","—","src/router/routeModules/protectedAppRoutes.tsx; app/(app)/scheduling/financial-planning/page.tsx"
"RTC-0069","/scheduling/quotes","Scheduling Quote Workspace","page","CAT-SCHEDULING","src/router/routeModules/protectedAppRoutes.tsx","SchedulingQuotesPage","routed","FS-0013, FS-0014, FS-0068","MBP-0110, MBP-0114, MBP-0152","partially_implemented","doc_reviewed","2026-03-04T00:00:00Z","master-spec-expansion-agent","Scheduling Quote Workspace; Role-scoped action controls; Validation and error-state handling","—","src/router/routeModules/protectedAppRoutes.tsx; app/(app)/scheduling/quotes/page.tsx"
"RTC-0070","/scheduling/roster","Scheduling Roster","page","CAT-SCHEDULING","src/router/routeModules/protectedAppRoutes.tsx","SchedulingRosterPage","routed","FS-0013, FS-0014, FS-0068","MBP-0110, MBP-0114, MBP-0152","partially_implemented","doc_reviewed","2026-03-04T00:00:00Z","master-spec-expansion-agent","Scheduling Roster; Role-scoped action controls; Validation and error-state handling","—","src/router/routeModules/protectedAppRoutes.tsx; app/(app)/scheduling/roster/page.tsx"
"RTC-0071","/scheduling/seed-audit","Scheduling Seed Audit","page","CAT-SCHEDULING","src/router/routeModules/protectedAppRoutes.tsx","SeedAuditPage","routed","FS-0013, FS-0014, FS-0068","MBP-0110, MBP-0114, MBP-0152","partially_implemented","doc_reviewed","2026-03-04T00:00:00Z","master-spec-expansion-agent","Repair Station Seed Audit; Coverage Counts; Per-Location Scheduled Counts; Per-Location Tool Counts; Fleet Component Coverage","—","src/router/routeModules/protectedAppRoutes.tsx; app/(app)/scheduling/seed-audit/page.tsx"
"RTC-0072","/settings/email-log","Settings Email Log","page","CAT-SETTINGS","src/router/routeModules/protectedAppRoutes.tsx","EmailLogPage","routed","FS-0015, FS-0053, FS-0069","MBP-0106, MBP-0133, MBP-0153","partially_implemented","doc_reviewed","2026-03-04T00:00:00Z","master-spec-expansion-agent","Settings Email Log; Email Log; Validation and error-state handling","—","src/router/routeModules/protectedAppRoutes.tsx; app/(app)/settings/email-log/page.tsx"
"RTC-0073","/settings/import","Settings Import","page","CAT-SETTINGS","src/router/routeModules/protectedAppRoutes.tsx","ImportPage","routed","FS-0015, FS-0053, FS-0069","MBP-0106, MBP-0133, MBP-0153","partially_implemented","doc_reviewed","2026-03-04T00:00:00Z","master-spec-expansion-agent","Import Data; 2. Map columns; 3. Preview (csvRows.length rows)","—","src/router/routeModules/protectedAppRoutes.tsx; app/(app)/settings/import/page.tsx"
"RTC-0074","/settings/locations","Settings Locations","page","CAT-SETTINGS","src/router/routeModules/protectedAppRoutes.tsx","ShopLocationsPage","routed","FS-0015, FS-0053, FS-0069","MBP-0106, MBP-0133, MBP-0153","partially_implemented","doc_reviewed","2026-03-04T00:00:00Z","master-spec-expansion-agent","Part 145; Part 135; Part 121; Part 91","Page includes explicit coming-soon/stub indicators; capability is partial.","src/router/routeModules/protectedAppRoutes.tsx; app/(app)/settings/locations/page.tsx"
"RTC-0075","/settings/notifications","Settings Notifications","page","CAT-SETTINGS","src/router/routeModules/protectedAppRoutes.tsx","NotificationPreferencesPage","routed","FS-0015, FS-0053, FS-0069","MBP-0106, MBP-0133, MBP-0153","partially_implemented","doc_reviewed","2026-03-04T00:00:00Z","master-spec-expansion-agent","Notification Preferences; Notification Types; Work Order Status Changes; Task Assignments; Quote Approved","—","src/router/routeModules/protectedAppRoutes.tsx; app/(app)/settings/notifications/page.tsx"
"RTC-0076","/settings/quickbooks","Settings QuickBooks","page","CAT-SETTINGS","src/router/routeModules/protectedAppRoutes.tsx","QuickBooksPage","routed","FS-0015, FS-0053, FS-0069","MBP-0106, MBP-0133, MBP-0153","partially_implemented","doc_reviewed","2026-03-04T00:00:00Z","master-spec-expansion-agent","Sync Settings; Total Syncs; Pending; Synced; Failed","—","src/router/routeModules/protectedAppRoutes.tsx; app/(app)/settings/quickbooks/page.tsx"
"RTC-0077","/settings/routing-templates","Settings Routing Templates","page","CAT-SETTINGS","src/router/routeModules/protectedAppRoutes.tsx","RoutingTemplatesPage","routed","FS-0015, FS-0053, FS-0069","MBP-0106, MBP-0133, MBP-0153","partially_implemented","doc_reviewed","2026-03-04T00:00:00Z","master-spec-expansion-agent","Settings Routing Templates; Role-scoped action controls; Validation and error-state handling","Page includes explicit coming-soon/stub indicators; capability is partial.","src/router/routeModules/protectedAppRoutes.tsx; app/(app)/settings/routing-templates/page.tsx"
"RTC-0078","/settings/shop","Settings Shop","page","CAT-SETTINGS","src/router/routeModules/protectedAppRoutes.tsx","ShopSettingsPage","routed","FS-0015, FS-0053, FS-0069","MBP-0106, MBP-0133, MBP-0153","partially_implemented","doc_reviewed","2026-03-04T00:00:00Z","master-spec-expansion-agent","Eastern (ET) — America/New_York; Eastern (ET) — America/Detroit; Eastern (ET) — America/Indianapolis; Central (CT) — America/Chicago; Central (CT) — America/Menominee","—","src/router/routeModules/protectedAppRoutes.tsx; app/(app)/settings/shop/page.tsx"
"RTC-0079","/settings/station-config","Settings Station Config","page","CAT-SETTINGS","src/router/routeModules/protectedAppRoutes.tsx","StationConfigPage","routed","FS-0015, FS-0053, FS-0069","MBP-0106, MBP-0133, MBP-0153","partially_implemented","doc_reviewed","2026-03-04T00:00:00Z","master-spec-expansion-agent","Settings Station Config; Role-scoped action controls; Validation and error-state handling","—","src/router/routeModules/protectedAppRoutes.tsx; app/(app)/settings/station-config/page.tsx"
"RTC-0080","/settings/users","Settings Users","page","CAT-SETTINGS","src/router/routeModules/protectedAppRoutes.tsx","UsersSettingsPage","routed","FS-0015, FS-0053, FS-0069","MBP-0106, MBP-0133, MBP-0153","partially_implemented","doc_reviewed","2026-03-04T00:00:00Z","master-spec-expansion-agent","Settings Users; Role-scoped action controls; Validation and error-state handling","—","src/router/routeModules/protectedAppRoutes.tsx; app/(app)/settings/users/page.tsx"
"RTC-0081","/sign-in/*","Sign In Wildcard","alias","CAT-AUTH","src/router/routeModules/authRoutes.tsx","app/(auth)/sign-in/[[...sign-in]]/page.tsx","routed","FS-0015, FS-0050","MBP-0017, MBP-0108","partially_implemented","doc_reviewed","2026-03-04T00:00:00Z","master-spec-expansion-agent","Sign In Wildcard; Role-scoped action controls; Validation and error-state handling","—","src/router/routeModules/authRoutes.tsx; app/(auth)/sign-in/[[...sign-in]]/page.tsx"
"RTC-0082","/sign-up/*","Sign Up Wildcard","alias","CAT-AUTH","src/router/routeModules/authRoutes.tsx","app/(auth)/sign-up/[[...sign-up]]/page.tsx","routed","FS-0015, FS-0050","MBP-0017, MBP-0108","partially_implemented","doc_reviewed","2026-03-04T00:00:00Z","master-spec-expansion-agent","Sign Up Wildcard; Role-scoped action controls; Validation and error-state handling","—","src/router/routeModules/authRoutes.tsx; app/(auth)/sign-up/[[...sign-up]]/page.tsx"
"RTC-0083","/squawks","Squawks","page","CAT-SQUAWKS","src/router/routeModules/protectedAppRoutes.tsx","SquawksPage","routed","FS-0024, FS-0060","MBP-0041, MBP-0144","partially_implemented","doc_reviewed","2026-03-04T00:00:00Z","master-spec-expansion-agent","Squawks & Discrepancies; Critical; Major; Minor; Observation","—","src/router/routeModules/protectedAppRoutes.tsx; app/(app)/squawks/page.tsx"
"RTC-0084","/work-orders","Work Orders","page","CAT-WORK-ORDERS","src/router/routeModules/protectedAppRoutes.tsx","WorkOrdersPage","routed","FS-0023, FS-0044, FS-0054, FS-0055, FS-0056","MBP-0014, MBP-0127, MBP-0138, MBP-0139, MBP-0140","partially_implemented","doc_reviewed","2026-03-04T00:00:00Z","master-spec-expansion-agent","Work Orders; Role-scoped action controls; Validation and error-state handling","—","src/router/routeModules/protectedAppRoutes.tsx; app/(app)/work-orders/page.tsx"
"RTC-0085","/work-orders/:id","Work Orders Detail","page","CAT-WORK-ORDERS","src/router/routeModules/protectedAppRoutes.tsx","WorkOrderDetailPage","routed","FS-0023, FS-0044, FS-0054, FS-0055, FS-0056","MBP-0014, MBP-0127, MBP-0138, MBP-0139, MBP-0140","partially_implemented","doc_reviewed","2026-03-04T00:00:00Z","master-spec-expansion-agent","wo.workOrderNumber; Work Order Activity; Quoting; In-dock; Inspection","—","src/router/routeModules/protectedAppRoutes.tsx; app/(app)/work-orders/[id]/page.tsx"
"RTC-0086","/work-orders/:id/certificates","Work Orders Detail Certificates","page","CAT-WORK-ORDERS","src/router/routeModules/protectedAppRoutes.tsx","CertificatesPage","routed","FS-0023, FS-0044, FS-0054, FS-0055, FS-0056, FS-0061","MBP-0014, MBP-0127, MBP-0138, MBP-0139, MBP-0140, MBP-0145","partially_implemented","doc_reviewed","2026-03-04T00:00:00Z","master-spec-expansion-agent","Work Orders Detail Certificates; Role-scoped action controls; Validation and error-state handling","—","src/router/routeModules/protectedAppRoutes.tsx; app/(app)/work-orders/[id]/certificates/page.tsx"
"RTC-0087","/work-orders/:id/execution","Work Orders Detail Execution","page","CAT-WORK-ORDERS","src/router/routeModules/protectedAppRoutes.tsx","WOExecutionPage","routed","FS-0023, FS-0044, FS-0054, FS-0055, FS-0056","MBP-0014, MBP-0127, MBP-0138, MBP-0139, MBP-0140","partially_implemented","doc_reviewed","2026-03-04T00:00:00Z","master-spec-expansion-agent","Work Orders Detail Execution; workOrder.workOrderNumber — Execution Planning; Validation and error-state handling","—","src/router/routeModules/protectedAppRoutes.tsx; app/(app)/work-orders/[id]/execution/page.tsx"
"RTC-0088","/work-orders/:id/records","Work Orders Detail Records","page","CAT-WORK-ORDERS","src/router/routeModules/protectedAppRoutes.tsx","MaintenanceRecordsPage","routed","FS-0023, FS-0044, FS-0054, FS-0055, FS-0056","MBP-0014, MBP-0127, MBP-0138, MBP-0139, MBP-0140","partially_implemented","doc_reviewed","2026-03-04T00:00:00Z","master-spec-expansion-agent","Annual; 100-Hour; Progressive; Conditional","—","src/router/routeModules/protectedAppRoutes.tsx; app/(app)/work-orders/[id]/records/page.tsx"
"RTC-0089","/work-orders/:id/release","Work Orders Detail Release","page","CAT-WORK-ORDERS","src/router/routeModules/protectedAppRoutes.tsx","ReleaseAircraftPage","routed","FS-0023, FS-0044, FS-0054, FS-0055, FS-0056","MBP-0014, MBP-0127, MBP-0138, MBP-0139, MBP-0140","partially_implemented","doc_reviewed","2026-03-04T00:00:00Z","master-spec-expansion-agent","Work Orders Detail Release; Aircraft Released to Customer; Work Order Details","—","src/router/routeModules/protectedAppRoutes.tsx; app/(app)/work-orders/[id]/release/page.tsx"
"RTC-0090","/work-orders/:id/rts","Work Orders Detail Rts","page","CAT-WORK-ORDERS","src/router/routeModules/protectedAppRoutes.tsx","RtsPage","routed","FS-0023, FS-0044, FS-0054, FS-0055, FS-0056","MBP-0014, MBP-0127, MBP-0138, MBP-0139, MBP-0140","partially_implemented","doc_reviewed","2026-03-04T00:00:00Z","master-spec-expansion-agent","Work Orders Detail Rts; Aircraft Returned to Service; Return-to-Service Already Authorized","—","src/router/routeModules/protectedAppRoutes.tsx; app/(app)/work-orders/[id]/rts/page.tsx"
"RTC-0091","/work-orders/:id/signature","Work Orders Detail Signature","page","CAT-WORK-ORDERS","src/router/routeModules/protectedAppRoutes.tsx","SignaturePage","routed","FS-0023, FS-0044, FS-0054, FS-0055, FS-0056","MBP-0014, MBP-0127, MBP-0138, MBP-0139, MBP-0140","partially_implemented","doc_reviewed","2026-03-04T00:00:00Z","master-spec-expansion-agent","Work Orders Detail Signature; Re-Authentication Required; Validation and error-state handling","—","src/router/routeModules/protectedAppRoutes.tsx; app/(app)/work-orders/[id]/signature/page.tsx"
"RTC-0092","/work-orders/:id/tasks/:cardId","Work Orders Detail Tasks Task Card","page","CAT-WORK-ORDERS","src/router/routeModules/protectedAppRoutes.tsx","TaskCardPage","routed","FS-0023, FS-0044, FS-0054, FS-0055, FS-0056","MBP-0014, MBP-0127, MBP-0138, MBP-0139, MBP-0140","partially_implemented","doc_reviewed","2026-03-04T00:00:00Z","master-spec-expansion-agent","Work Orders Detail Tasks Task Card; taskCard.title; Validation and error-state handling","—","src/router/routeModules/protectedAppRoutes.tsx; app/(app)/work-orders/[id]/tasks/[cardId]/page.tsx"
"RTC-0093","/work-orders/:id/tasks/new","Work Orders Detail Tasks New","page","CAT-WORK-ORDERS","src/router/routeModules/protectedAppRoutes.tsx","NewTaskCardPage","routed","FS-0023, FS-0044, FS-0054, FS-0055, FS-0056","MBP-0014, MBP-0127, MBP-0138, MBP-0139, MBP-0140","partially_implemented","doc_reviewed","2026-03-04T00:00:00Z","master-spec-expansion-agent","Work Orders Detail Tasks New; Role-scoped action controls; Validation and error-state handling","—","src/router/routeModules/protectedAppRoutes.tsx; app/(app)/work-orders/[id]/tasks/new/page.tsx"
"RTC-0094","/work-orders/dashboard","Work Orders Dashboard","page","CAT-WORK-ORDERS","src/router/routeModules/protectedAppRoutes.tsx","WorkOrdersDashboardPage","routed","FS-0023, FS-0044, FS-0054, FS-0055, FS-0056","MBP-0014, MBP-0127, MBP-0138, MBP-0139, MBP-0140","partially_implemented","doc_reviewed","2026-03-04T00:00:00Z","master-spec-expansion-agent","Work Orders Dashboard; Work Order Dashboard; Active Work Orders","—","src/router/routeModules/protectedAppRoutes.tsx; app/(app)/work-orders/dashboard/page.tsx"
"RTC-0095","/work-orders/kanban","Work Order Kanban","page","CAT-WORK-ORDERS","src/router/routeModules/protectedAppRoutes.tsx","KanbanPage","routed","FS-0023, FS-0044, FS-0054, FS-0055, FS-0056","MBP-0014, MBP-0127, MBP-0138, MBP-0139, MBP-0140","partially_implemented","doc_reviewed","2026-03-04T00:00:00Z","master-spec-expansion-agent","Work Orders — Kanban; col.label; Draft; Open; In Progress","—","src/router/routeModules/protectedAppRoutes.tsx; app/(app)/work-orders/kanban/page.tsx"
"RTC-0096","/work-orders/lead","Work Orders Lead","page","CAT-WORK-ORDERS","src/router/routeModules/protectedAppRoutes.tsx","WorkOrdersLeadPage","routed","FS-0023, FS-0044, FS-0054, FS-0055, FS-0056","MBP-0014, MBP-0127, MBP-0138, MBP-0139, MBP-0140","partially_implemented","doc_reviewed","2026-03-04T00:00:00Z","master-spec-expansion-agent","Lead Workspace; Task Assignment Feed; Turnover Report Editor; Submitted History","—","src/router/routeModules/protectedAppRoutes.tsx; app/(app)/work-orders/lead/page.tsx"
"RTC-0097","/work-orders/new","New Work Order","page","CAT-WORK-ORDERS","src/router/routeModules/protectedAppRoutes.tsx","NewWorkOrderPage","routed","FS-0023, FS-0044, FS-0054, FS-0055, FS-0056","MBP-0014, MBP-0127, MBP-0138, MBP-0139, MBP-0140","partially_implemented","doc_reviewed","2026-03-04T00:00:00Z","master-spec-expansion-agent","New Work Order; Work Order Details; Priority","—","src/router/routeModules/protectedAppRoutes.tsx; app/(app)/work-orders/new/page.tsx"
"RTC-0098","/work-orders/templates","Work Order Templates","page","CAT-WORK-ORDERS","src/router/routeModules/protectedAppRoutes.tsx","WorkOrderTemplatesPage","routed","FS-0023, FS-0044, FS-0054, FS-0055, FS-0056","MBP-0014, MBP-0127, MBP-0138, MBP-0139, MBP-0140","partially_implemented","doc_reviewed","2026-03-04T00:00:00Z","master-spec-expansion-agent","Work Order Templates; Role-scoped action controls; Validation and error-state handling","—","src/router/routeModules/protectedAppRoutes.tsx; app/(app)/work-orders/templates/page.tsx"
"RTC-0099","*","App Not Found Catch-All","catch_all","CAT-SYSTEM","src/router/routeModules/protectedAppRoutes.tsx","AppNotFoundPage","router_only","FS-0053, FS-0069","MBP-0133, MBP-0153","implemented","doc_reviewed","2026-03-04T00:00:00Z","master-spec-expansion-agent","App Not Found Catch-All; Role-scoped access flow; State transition controls","Route exists in router modules without a dedicated page file; behavior is redirect/catch-all managed.","src/router/routeModules/protectedAppRoutes.tsx"
"RTC-0100","/billing/quotes/templates","Billing Quotes Templates","page","CAT-BILLING","app/(app)/billing/quotes/templates/page.tsx","app/(app)/billing/quotes/templates/page.tsx","orphan_page","FS-0007, FS-0008, FS-0032, FS-0062, FS-0063, FS-0064, FS-0065, FS-0066","MBP-0024, MBP-0119, MBP-0146, MBP-0147, MBP-0148, MBP-0149, MBP-0150","partially_implemented","doc_reviewed","2026-03-04T00:00:00Z","master-spec-expansion-agent","Billing Quotes Templates; Quote Templates; t.name","Page exists in filesystem but is not wired in route modules.","app/(app)/billing/quotes/templates/page.tsx"
"RTC-0101","/not-found","Not Found","page","CAT-SYSTEM","app/(app)/not-found/page.tsx","app/(app)/not-found/page.tsx","orphan_page","FS-0053, FS-0069","MBP-0133, MBP-0153","partially_implemented","doc_reviewed","2026-03-04T00:00:00Z","master-spec-expansion-agent","Not Found; Role-scoped action controls; Validation and error-state handling","Page exists in filesystem but is not wired in route modules.","app/(app)/not-found/page.tsx"
