mbp_id,canonical_group_id,title,normalized_requirement,source_pack,source_id,source_file,status,priority,wave,owner_lane,dependencies,acceptance_criteria,test_gate,notes
"MBP-0001","GRP-016","OJT task progression scoring","Digitally tracked progression with sign-off integrity","REPORT","RPT-001","reports/transcript-intelligence/2026-03-03/athlon-leadership-report.md","implemented","P2","Wave3","workflow","[""GRP-001"", ""GRP-002""]","Regression coverage confirms current behavior remains stable and traceable.","npx tsc --noEmit; targeted Playwright scenario; Convex query/mutation validation where applicable.","current=Multi-step training with score progression concept; source_dependencies=Trainer workflows, user records; risks=Superficial completion gaming; evidence=E01,E02,E03; ctx_seed=ICS-001/corpus=industry-context-field-artifacts/doc=OJT Data Flow.pdf/feature=16/conf=high/date=2026-03-03"
"MBP-0002","GRP-016","Multi-aircraft shared OJT tasks","Shared + aircraft-specific task linking","REPORT","RPT-002","reports/transcript-intelligence/2026-03-03/athlon-leadership-report.md","proposed","P2","Wave3","workflow","[""GRP-001"", ""GRP-002""]","Feature intent is specified, scoped, and validated with executable acceptance tests before build start.","npx tsc --noEmit; targeted Playwright scenario; Convex query/mutation validation where applicable.","current=Single-aircraft orientation in legacy base; source_dependencies=Task model refactor; risks=Complexity explosion; evidence=E11"
"MBP-0003","GRP-021","Voice notes + transcript capture","Voice-first notes with editable transcript","REPORT","RPT-003","reports/transcript-intelligence/2026-03-03/athlon-leadership-report.md","proposed","P2","Wave0","platform","[]","Feature intent is specified, scoped, and validated with executable acceptance tests before build start.","npx tsc --noEmit; targeted Playwright scenario; Convex query/mutation validation where applicable.","current=Typing-heavy data entry; source_dependencies=Speech pipeline; risks=Mis-transcription; evidence=E11"
"MBP-0004","GRP-021","Spell-check accessibility layer","Ubiquitous writing assist","REPORT","RPT-004","reports/transcript-intelligence/2026-03-03/athlon-leadership-report.md","proposed","P2","Wave0","platform","[]","Feature intent is specified, scoped, and validated with executable acceptance tests before build start.","npx tsc --noEmit; targeted Playwright scenario; Convex query/mutation validation where applicable.","current=High friction for dyslexic users; source_dependencies=Input components; risks=Bad autocorrection in technical terms; evidence=E11"
"MBP-0005","GRP-016","Trainer sign-off queue","Explicit pending sign-off list + audit trail","REPORT","RPT-005","reports/transcript-intelligence/2026-03-03/athlon-leadership-report.md","partial","P1","Wave3","workflow","[""GRP-001"", ""GRP-002""]","All missing behaviors are completed and verified end-to-end against source requirement text.","npx tsc --noEmit; targeted Playwright scenario; Convex query/mutation validation where applicable.","current=Conceptual workflow exists; source_dependencies=Notifications, role model; risks=Missed approvals; evidence=E03,E31; ctx_seed=ICS-001/corpus=industry-context-field-artifacts/doc=OJT Data Flow.pdf/feature=16/conf=high/date=2026-03-03"
"MBP-0006","GRP-009","Efficiency baseline by experience","Managed planning model in product","REPORT","RPT-006","reports/transcript-intelligence/2026-03-03/athlon-leadership-report.md","partial","P1","Wave3","product","[""GRP-002"", ""GRP-003""]","All missing behaviors are completed and verified end-to-end against source requirement text.","npx tsc --noEmit; targeted Playwright scenario; Convex query/mutation validation where applicable.","current=Conceptual handicap model described; source_dependencies=HR/profile data; risks=Misclassification; evidence=E04"
"MBP-0007","GRP-009","Growth curve dashboard","Role-based growth dashboards","REPORT","RPT-007","reports/transcript-intelligence/2026-03-03/athlon-leadership-report.md","partial","P1","Wave3","product","[""GRP-002"", ""GRP-003""]","All missing behaviors are completed and verified end-to-end against source requirement text.","npx tsc --noEmit; targeted Playwright scenario; Convex query/mutation validation where applicable.","current=Radar and growth curve concept; source_dependencies=Metric definitions; risks=KPI misuse; evidence=E05,E07"
"MBP-0008","GRP-012","Team composition warnings","Real-time staffing-risk alerts in scheduling","REPORT","RPT-008","reports/transcript-intelligence/2026-03-03/athlon-leadership-report.md","partial","P1","Wave5","workflow","[""GRP-003"", ""GRP-009""]","All missing behaviors are completed and verified end-to-end against source requirement text.","npx tsc --noEmit; targeted Playwright scenario; Convex query/mutation validation where applicable. Include deterministic schedule/prediction assertions.","current=Predictive warning concept discussed; source_dependencies=Work order context, skills matrix; risks=Alert fatigue; evidence=E06"
"MBP-0009","GRP-013","Predictive maintenance (Chapter 5)","Reliable continuous prediction engine","REPORT","RPT-009","reports/transcript-intelligence/2026-03-03/athlon-leadership-report.md","partial","P1","Wave5","data","[""GRP-012"", ""GRP-017""]","All missing behaviors are completed and verified end-to-end against source requirement text.","npx tsc --noEmit; targeted Playwright scenario; Convex query/mutation validation where applicable. Include deterministic schedule/prediction assertions.","current=Demonstrated path + manual confirmations; source_dependencies=Chapter 5 data quality; risks=Wrong forecasts; evidence=E15,E28,E29"
"MBP-0010","GRP-013","ADS-B usage integration","Live cycle/time approximation with correction factor","REPORT","RPT-010","reports/transcript-intelligence/2026-03-03/athlon-leadership-report.md","partial","P1","Wave5","data","[""GRP-012"", ""GRP-017""]","All missing behaviors are completed and verified end-to-end against source requirement text.","npx tsc --noEmit; targeted Playwright scenario; Convex query/mutation validation where applicable. Include deterministic schedule/prediction assertions.","current=Planned + partially wired; source_dependencies=External feeds; risks=Data mismatch with tach time; evidence=E17,E28"
"MBP-0011","GRP-021","AD/SB dynamic due logic","Deterministic due-state engine","REPORT","RPT-011","reports/transcript-intelligence/2026-03-03/athlon-leadership-report.md","partial","P1","Wave0","platform","[]","All missing behaviors are completed and verified end-to-end against source requirement text.","npx tsc --noEmit; targeted Playwright scenario; Convex query/mutation validation where applicable.","current=Discussed and prototyped; source_dependencies=Regulatory data ingestion; risks=Compliance liability; evidence=E28,E29"
"MBP-0012","GRP-017","Logbook entry generation","Automated draft entries per work stage","REPORT","RPT-012","reports/transcript-intelligence/2026-03-03/athlon-leadership-report.md","partial","P1","Wave1","compliance","[""GRP-001"", ""GRP-002"", ""GRP-003""]","All missing behaviors are completed and verified end-to-end against source requirement text.","npx tsc --noEmit; targeted Playwright scenario; Convex query/mutation validation where applicable. Include negative-permission and audit-trace checks.","current=Workflow target defined; source_dependencies=Rules engine; risks=Incorrect legal wording; evidence=E30"
"MBP-0013","GRP-017","Logbook scanning + OCR ingestion","Searchable full maintenance history","REPORT","RPT-013","reports/transcript-intelligence/2026-03-03/athlon-leadership-report.md","missing","P0","Wave1","compliance","[""GRP-001"", ""GRP-002"", ""GRP-003""]","Feature is implemented end-to-end with role, audit, and data-integrity controls where required.","npx tsc --noEmit; targeted Playwright scenario; Convex query/mutation validation where applicable. Include negative-permission and audit-trace checks.","current=“no good answers” in transcript; source_dependencies=OCR pipeline, parsing; risks=Data quality + legal issues; evidence=E30,E17"
"MBP-0014","GRP-003","Work order assignment (My Work)","Assign, track, and complete task workflows","REPORT","RPT-014","reports/transcript-intelligence/2026-03-03/athlon-leadership-report.md","missing","P0","Wave1","workflow","[""GRP-001"", ""GRP-002""]","Feature is implemented end-to-end with role, audit, and data-integrity controls where required.","npx tsc --noEmit; targeted Playwright scenario; Convex query/mutation validation where applicable.","current=Not fully built; source_dependencies=Task model, role model; risks=Execution confusion; evidence=E32"
"MBP-0015","GRP-003","Clock-in / labor tracking","Integrated labor capture","REPORT","RPT-015","reports/transcript-intelligence/2026-03-03/athlon-leadership-report.md","missing","P0","Wave1","workflow","[""GRP-001"", ""GRP-002""]","Feature is implemented end-to-end with role, audit, and data-integrity controls where required.","npx tsc --noEmit; targeted Playwright scenario; Convex query/mutation validation where applicable.","current=Explicitly absent in current area; source_dependencies=Time service integration; risks=KPI gaming; evidence=E32,E33"
"MBP-0016","GRP-014","Cross-module data bus","Stable event-driven integration","REPORT","RPT-016","reports/transcript-intelligence/2026-03-03/athlon-leadership-report.md","partial","P1","Wave5","platform","[""GRP-003"", ""GRP-006"", ""GRP-018""]","All missing behaviors are completed and verified end-to-end against source requirement text.","npx tsc --noEmit; targeted Playwright scenario; Convex query/mutation validation where applicable.","current=Connective tissue underway; source_dependencies=Schema governance; risks=Hard-to-debug coupling; evidence=E25"
"MBP-0017","GRP-001","Role-based access control (RBAC)","Role-scoped views and permissions","REPORT","RPT-017","reports/transcript-intelligence/2026-03-03/athlon-leadership-report.md","missing","P0","Wave0","compliance","[]","Feature is implemented end-to-end with role, audit, and data-integrity controls where required.","npx tsc --noEmit; targeted Playwright scenario; Convex query/mutation validation where applicable. Include negative-permission and audit-trace checks.","current=Overexposed unified view; source_dependencies=Auth model, policy matrix; risks=Security/compliance risk; evidence=E39,E31"
"MBP-0018","GRP-002","Override reason logging","Required reason + immutable audit","REPORT","RPT-018","reports/transcript-intelligence/2026-03-03/athlon-leadership-report.md","partial","P1","Wave0","compliance","[""GRP-001""]","All missing behaviors are completed and verified end-to-end against source requirement text.","npx tsc --noEmit; targeted Playwright scenario; Convex query/mutation validation where applicable. Include negative-permission and audit-trace checks.","current=Concept discussed; source_dependencies=Role control, audit log; risks=Weak accountability; evidence=E31,E39"
"MBP-0019","GRP-015","Customer portal & history","Full lifecycle visibility + communications","REPORT","RPT-019","reports/transcript-intelligence/2026-03-03/athlon-leadership-report.md","partial","P1","Wave4","product","[""GRP-003"", ""GRP-014""]","All missing behaviors are completed and verified end-to-end against source requirement text.","npx tsc --noEmit; targeted Playwright scenario; Convex query/mutation validation where applicable.","current=Basic concept and partial implementation; source_dependencies=CRM model, notifications; risks=Trust erosion if inaccurate; evidence=E40"
"MBP-0020","GRP-007","Inventory control + Kanban","End-to-end consumables planning + forecasting","REPORT","RPT-020","reports/transcript-intelligence/2026-03-03/athlon-leadership-report.md","partial","P1","Wave2","workflow","[""GRP-006""]","All missing behaviors are completed and verified end-to-end against source requirement text.","npx tsc --noEmit; targeted Playwright scenario; Convex query/mutation validation where applicable. Include chain-of-custody and state-transition checks.","current=Tool crib and some flows exist; source_dependencies=Inventory backbone; risks=Cost leakage; evidence=E35,E32"
"MBP-0021","GRP-007","Inventory master tab","Complete searchable inventory state","REPORT","RPT-021","reports/transcript-intelligence/2026-03-03/athlon-leadership-report.md","missing","P0","Wave2","workflow","[""GRP-006""]","Feature is implemented end-to-end with role, audit, and data-integrity controls where required.","npx tsc --noEmit; targeted Playwright scenario; Convex query/mutation validation where applicable. Include chain-of-custody and state-transition checks.","current=Explicitly absent; source_dependencies=Data model completion; risks=Blind spots in purchasing; evidence=E32"
"MBP-0022","GRP-006","Rotables lifecycle tracking","Full install/remove/disposition lifecycle","REPORT","RPT-022","reports/transcript-intelligence/2026-03-03/athlon-leadership-report.md","partial","P1","Wave2","workflow","[""GRP-001"", ""GRP-002""]","All missing behaviors are completed and verified end-to-end against source requirement text.","npx tsc --noEmit; targeted Playwright scenario; Convex query/mutation validation where applicable. Include chain-of-custody and state-transition checks.","current=Serviceable/shop/vendor states shown; source_dependencies=Part traceability; risks=Compliance gaps; evidence=E35"
"MBP-0023","GRP-007","Tool calibration workflows","Reliable calibration control","REPORT","RPT-023","reports/transcript-intelligence/2026-03-03/athlon-leadership-report.md","partial","P1","Wave2","workflow","[""GRP-006""]","All missing behaviors are completed and verified end-to-end against source requirement text.","npx tsc --noEmit; targeted Playwright scenario; Convex query/mutation validation where applicable. Include chain-of-custody and state-transition checks.","current=Due-calibration concepts surfaced; source_dependencies=Tool master data; risks=Overdue tooling risk; evidence=E35"
"MBP-0024","GRP-018","QuickBooks integration","Bi-directional finance sync with controls","REPORT","RPT-024","reports/transcript-intelligence/2026-03-03/athlon-leadership-report.md","partial","P1","Wave3","product","[""GRP-003"", ""GRP-014""]","All missing behaviors are completed and verified end-to-end against source requirement text.","npx tsc --noEmit; targeted Playwright scenario; Convex query/mutation validation where applicable.","current=Integration points shown; source_dependencies=API and accounting mapping; risks=Financial mis-posting; evidence=E40"
"MBP-0025","GRP-016","Training compliance records","Full requirements and completion workflows","REPORT","RPT-025","reports/transcript-intelligence/2026-03-03/athlon-leadership-report.md","partial","P1","Wave3","workflow","[""GRP-001"", ""GRP-002""]","All missing behaviors are completed and verified end-to-end against source requirement text.","npx tsc --noEmit; targeted Playwright scenario; Convex query/mutation validation where applicable.","current=Minimal training requirement shown; source_dependencies=Training schema; risks=Incomplete compliance evidence; evidence=E27,E32; ctx_seed=ICS-001/corpus=industry-context-field-artifacts/doc=OJT Data Flow.pdf/feature=16/conf=high/date=2026-03-03"
"MBP-0026","GRP-013","FAA profile/aircraft enrichment","Verified and normalized external profile ingestion","REPORT","RPT-026","reports/transcript-intelligence/2026-03-03/athlon-leadership-report.md","partial","P1","Wave5","data","[""GRP-012"", ""GRP-017""]","All missing behaviors are completed and verified end-to-end against source requirement text.","npx tsc --noEmit; targeted Playwright scenario; Convex query/mutation validation where applicable. Include deterministic schedule/prediction assertions.","current=Live FAA scrape demo; source_dependencies=Data validation; risks=Incorrect owner/engine data; evidence=E28"
"MBP-0027","GRP-020","Market-level quote benchmark engine","Labeled benchmark service","REPORT","RPT-027","reports/transcript-intelligence/2026-03-03/athlon-leadership-report.md","proposed","P2","Wave6","data","[""GRP-013"", ""GRP-018""]","Feature intent is specified, scoped, and validated with executable acceptance tests before build start.","npx tsc --noEmit; targeted Playwright scenario; Convex query/mutation validation where applicable.","current=Conceptual “common quote book”; source_dependencies=Large clean dataset; risks=False confidence, liability; evidence=E18"
"MBP-0028","GRP-019","Talent marketplace matching","Profile-to-role matching with confidence score","REPORT","RPT-028","reports/transcript-intelligence/2026-03-03/athlon-leadership-report.md","proposed","P2","Wave6","product","[""GRP-015"", ""GRP-016""]","Feature intent is specified, scoped, and validated with executable acceptance tests before build start.","npx tsc --noEmit; targeted Playwright scenario; Convex query/mutation validation where applicable.","current=Strategy discussions; source_dependencies=Identity, profile quality; risks=Focus dilution; evidence=E10,E36,E38"
"MBP-0029","GRP-017","Industry certification framework","Formalized cert pathways + audit loop","REPORT","RPT-029","reports/transcript-intelligence/2026-03-03/athlon-leadership-report.md","proposed","P2","Wave1","compliance","[""GRP-001"", ""GRP-002"", ""GRP-003""]","Feature intent is specified, scoped, and validated with executable acceptance tests before build start.","npx tsc --noEmit; targeted Playwright scenario; Convex query/mutation validation where applicable. Include negative-permission and audit-trace checks.","current=New standards ideated; source_dependencies=Standards governance; risks=Credibility risk; evidence=E12,E13"
"MBP-0030","GRP-010","Multi-location UX: Map-based selection when creating a new work location.","Map-based selection when creating a new work location.","FR","FR-001","athelon-app/docs/plans/2026-03-03-feature-intake-wave-roadmap.md","missing","P1","Wave4","ux","[""GRP-003""]","Feature is implemented end-to-end with role, audit, and data-integrity controls where required.","npx tsc --noEmit; targeted Playwright scenario; Convex query/mutation validation where applicable.","status provenance: athelon-app/docs/plans/2026-03-03-feature-intake-implementation-review.md; ctx_seed=ICS-009/corpus=industry-context-field-artifacts/doc=Repair Station Contacts with Ratings (Download).xlsx/feature=17/conf=high/date=2026-03-03"
"MBP-0031","GRP-013","Telemetry + predictive: Ingest ADS-B movement data for tracked aircraft and estimate time/cycl","Ingest ADS-B movement data for tracked aircraft and estimate time/cycles from last known baseline to shift scheduling and predictive maintenance.","FR","FR-002","athelon-app/docs/plans/2026-03-03-feature-intake-wave-roadmap.md","missing","P1","Wave5","data","[""GRP-012"", ""GRP-017""]","Feature is implemented end-to-end with role, audit, and data-integrity controls where required.","npx tsc --noEmit; targeted Playwright scenario; Convex query/mutation validation where applicable. Include deterministic schedule/prediction assertions.","status provenance: athelon-app/docs/plans/2026-03-03-feature-intake-implementation-review.md"
"MBP-0032","GRP-017","WO docs + compliance: Separate compliance docs at task/subtask level from overall WO attachm","Separate compliance docs at task/subtask level from overall WO attachments; add task/subtask manual references (PDF/link/file), in-app PDF viewer, and download.","FR","FR-003","athelon-app/docs/plans/2026-03-03-feature-intake-wave-roadmap.md","partial","P0","Wave1","compliance","[""GRP-001"", ""GRP-002"", ""GRP-003""]","All missing behaviors are completed and verified end-to-end against source requirement text.","npx tsc --noEmit; targeted Playwright scenario; Convex query/mutation validation where applicable. Include negative-permission and audit-trace checks.","status provenance: athelon-app/docs/plans/2026-03-03-feature-intake-implementation-review.md"
"MBP-0033","GRP-005","Task execution + signoff: Add vendor service add flow inside task items; discrepancy + correctiv","Add vendor service add flow inside task items; discrepancy + corrective action fields with immutable history; enforce technician signoff and independent inspector/RIII signoff via privileges and training compliance gates; add admin role capability matrix.","FR","FR-004","athelon-app/docs/plans/2026-03-03-feature-intake-wave-roadmap.md","partial","P0","Wave1","compliance","[""GRP-001"", ""GRP-002"", ""GRP-003""]","All missing behaviors are completed and verified end-to-end against source requirement text.","npx tsc --noEmit; targeted Playwright scenario; Convex query/mutation validation where applicable.","status provenance: athelon-app/docs/plans/2026-03-03-feature-intake-implementation-review.md"
"MBP-0034","GRP-009","Time visibility: Show estimated task hours vs actual time logged to discrepancy/squawk.","Show estimated task hours vs actual time logged to discrepancy/squawk.","FR","FR-005","athelon-app/docs/plans/2026-03-03-feature-intake-wave-roadmap.md","partial","P1","Wave1","product","[""GRP-002"", ""GRP-003""]","All missing behaviors are completed and verified end-to-end against source requirement text.","npx tsc --noEmit; targeted Playwright scenario; Convex query/mutation validation where applicable.","status provenance: athelon-app/docs/plans/2026-03-03-feature-intake-implementation-review.md"
"MBP-0035","GRP-006","Task-level parts traceability: Add Parts Removed/Parts Installed per task with full part metadata, ro","Add Parts Removed/Parts Installed per task with full part metadata, rotable/consumable support, compliance docs access, and lot-level chain of custody history.","FR","FR-006","athelon-app/docs/plans/2026-03-03-feature-intake-wave-roadmap.md","partial","P0","Wave2","workflow","[""GRP-001"", ""GRP-002""]","All missing behaviors are completed and verified end-to-end against source requirement text.","npx tsc --noEmit; targeted Playwright scenario; Convex query/mutation validation where applicable. Include chain-of-custody and state-transition checks.","status provenance: athelon-app/docs/plans/2026-03-03-feature-intake-implementation-review.md"
"MBP-0036","GRP-006","WO parts lifecycle board: In WO Parts tab, show requested/ordered/received/used-installed lifecy","In WO Parts tab, show requested/ordered/received/used-installed lifecycle and link each part to associated SWAC/squawk.","FR","FR-007","athelon-app/docs/plans/2026-03-03-feature-intake-wave-roadmap.md","partial","P1","Wave2","workflow","[""GRP-001"", ""GRP-002""]","All missing behaviors are completed and verified end-to-end against source requirement text.","npx tsc --noEmit; targeted Playwright scenario; Convex query/mutation validation where applicable. Include chain-of-custody and state-transition checks.","status provenance: athelon-app/docs/plans/2026-03-03-feature-intake-implementation-review.md"
"MBP-0037","GRP-006","Parts request intake control: Part add flow should prefill from catalog; allow provisional net-new p","Part add flow should prefill from catalog; allow provisional net-new part requests routed to parts clerk acceptance/edit queue before permanent catalog entry.","FR","FR-008","athelon-app/docs/plans/2026-03-03-feature-intake-wave-roadmap.md","missing","P0","Wave2","workflow","[""GRP-001"", ""GRP-002""]","Feature is implemented end-to-end with role, audit, and data-integrity controls where required.","npx tsc --noEmit; targeted Playwright scenario; Convex query/mutation validation where applicable. Include chain-of-custody and state-transition checks.","status provenance: athelon-app/docs/plans/2026-03-03-feature-intake-implementation-review.md"
"MBP-0038","GRP-006","Parts status labels: Color status semantics: requested-not-ordered (red), ordered-not-recei","Color status semantics: requested-not-ordered (red), ordered-not-received (yellow), received-not-installed (purple), installed (green), returned-to-stock (orange).","FR","FR-009","athelon-app/docs/plans/2026-03-03-feature-intake-wave-roadmap.md","partial","P1","Wave2","workflow","[""GRP-001"", ""GRP-002""]","All missing behaviors are completed and verified end-to-end against source requirement text.","npx tsc --noEmit; targeted Playwright scenario; Convex query/mutation validation where applicable. Include chain-of-custody and state-transition checks.","status provenance: athelon-app/docs/plans/2026-03-03-feature-intake-implementation-review.md"
"MBP-0039","GRP-003","WO lifecycle timeline: Show timeline stage chips/circles on every WO: Quoting, In-dock, Inspe","Show timeline stage chips/circles on every WO: Quoting, In-dock, Inspection, Repair, Return to Service, Review & Improvement.","FR","FR-010","athelon-app/docs/plans/2026-03-03-feature-intake-wave-roadmap.md","implemented","P1","Wave1","workflow","[""GRP-001"", ""GRP-002""]","Regression coverage confirms current behavior remains stable and traceable.","npx tsc --noEmit; targeted Playwright scenario; Convex query/mutation validation where applicable.","status provenance: athelon-app/docs/plans/2026-03-03-feature-intake-implementation-review.md"
"MBP-0040","GRP-008","Turnover notes + AI assist: Dated turnover notes at task level and a lead turnover workspace that","Dated turnover notes at task level and a lead turnover workspace that aggregates in-work WOs from clocked activity/recents, with AI draft summary editable by lead and preserved in history.","FR","FR-011","athelon-app/docs/plans/2026-03-03-feature-intake-wave-roadmap.md","partial","P1","Wave3","workflow","[""GRP-003"", ""GRP-009""]","All missing behaviors are completed and verified end-to-end against source requirement text.","npx tsc --noEmit; targeted Playwright scenario; Convex query/mutation validation where applicable.","status provenance: athelon-app/docs/plans/2026-03-03-feature-intake-implementation-review.md"
"MBP-0041","GRP-008","Lead technician workspace: New lead page for assignment/management, team insights, and assigning","New lead page for assignment/management, team insights, and assigning WOs/tasks/subtasks to teams/individuals with bidirectional status reporting into lead and turnover views.","FR","FR-012","athelon-app/docs/plans/2026-03-03-feature-intake-wave-roadmap.md","partial","P0","Wave3","workflow","[""GRP-003"", ""GRP-009""]","All missing behaviors are completed and verified end-to-end against source requirement text.","npx tsc --noEmit; targeted Playwright scenario; Convex query/mutation validation where applicable.","status provenance: athelon-app/docs/plans/2026-03-03-feature-intake-implementation-review.md"
"MBP-0042","GRP-008","Turnover report contract: Generate/save PDF turnover reports; immutable after submit; signature","Generate/save PDF turnover reports; immutable after submit; signature and audit trail; include time totals, per-person/team breakdowns, graphs, deadlines, parts ordered/received, and lead notes.","FR","FR-013","athelon-app/docs/plans/2026-03-03-feature-intake-wave-roadmap.md","partial","P1","Wave3","workflow","[""GRP-003"", ""GRP-009""]","All missing behaviors are completed and verified end-to-end against source requirement text.","npx tsc --noEmit; targeted Playwright scenario; Convex query/mutation validation where applicable.","status provenance: athelon-app/docs/plans/2026-03-03-feature-intake-implementation-review.md"
"MBP-0043","GRP-010","Fleet filtering + view modes: Fleet filters for in-work and future schedule windows (3/6/12 months),","Fleet filters for in-work and future schedule windows (3/6/12 months), plus list/tile/truncated modes and classification by class/type/make/model.","FR","FR-014","athelon-app/docs/plans/2026-03-03-feature-intake-wave-roadmap.md","implemented","P1","Wave4","ux","[""GRP-003""]","Regression coverage confirms current behavior remains stable and traceable.","npx tsc --noEmit; targeted Playwright scenario; Convex query/mutation validation where applicable.","status provenance: athelon-app/docs/plans/2026-03-03-feature-intake-implementation-review.md; ctx_seed=ICS-009/corpus=industry-context-field-artifacts/doc=Repair Station Contacts with Ratings (Download).xlsx/feature=17/conf=high/date=2026-03-03"
"MBP-0044","GRP-010","WO list modes + aircraft media linkage: Work Orders list supports current/tile/truncated views and aircraft th","Work Orders list supports current/tile/truncated views and aircraft thumbnails linked to Fleet featured image + gallery/carousel.","FR","FR-015","athelon-app/docs/plans/2026-03-03-feature-intake-wave-roadmap.md","implemented","P1","Wave4","ux","[""GRP-003""]","Regression coverage confirms current behavior remains stable and traceable.","npx tsc --noEmit; targeted Playwright scenario; Convex query/mutation validation where applicable.","status provenance: athelon-app/docs/plans/2026-03-03-feature-intake-implementation-review.md"
"MBP-0045","GRP-011","In-dock + RTS evidence hub: Add dedicated in-dock and return-to-service areas with checklist uploa","Add dedicated in-dock and return-to-service areas with checklist uploads, digital checklist templates, incoming inspection and RTS liability video upload/view/download, mobile-friendly (10-20 min videos, multiple files, auto naming).","FR","FR-016","athelon-app/docs/plans/2026-03-03-feature-intake-wave-roadmap.md","partial","P0","Wave4","platform","[""GRP-002"", ""GRP-003""]","All missing behaviors are completed and verified end-to-end against source requirement text.","npx tsc --noEmit; targeted Playwright scenario; Convex query/mutation validation where applicable.","status provenance: athelon-app/docs/plans/2026-03-03-feature-intake-implementation-review.md"
"MBP-0046","GRP-010","WO search by location: Search modal supports all locations or specific location filter.","Search modal supports all locations or specific location filter.","FR","FR-017","athelon-app/docs/plans/2026-03-03-feature-intake-wave-roadmap.md","implemented","P1","Wave0","ux","[""GRP-003""]","Regression coverage confirms current behavior remains stable and traceable.","npx tsc --noEmit; targeted Playwright scenario; Convex query/mutation validation where applicable.","status provenance: athelon-app/docs/plans/2026-03-03-feature-intake-implementation-review.md; ctx_seed=ICS-010/corpus=industry-context-field-artifacts/doc=Repair Station Contacts with Ratings (Download).xlsx/feature=25/conf=high/date=2026-03-03"
"MBP-0047","GRP-012","WO Gantt + smart assignment: Add Gantt view with dependencies, phase-tag population, lead assignmen","Add Gantt view with dependencies, phase-tag population, lead assignment controls, and foundation for automated assignment based on actuals/performance (PMBOK-aligned).","FR","FR-018","athelon-app/docs/plans/2026-03-03-feature-intake-wave-roadmap.md","partial","P1","Wave5","workflow","[""GRP-003"", ""GRP-009""]","All missing behaviors are completed and verified end-to-end against source requirement text.","npx tsc --noEmit; targeted Playwright scenario; Convex query/mutation validation where applicable. Include deterministic schedule/prediction assertions.","status provenance: athelon-app/docs/plans/2026-03-03-feature-intake-implementation-review.md; ctx_seed=ICS-002/corpus=industry-context-field-artifacts/doc=2023 leveling.pdf/feature=13/conf=high/date=2026-03-03"
"MBP-0048","GRP-006","Part return-to-parts workflow: From task/subtask, technician can return part to Parts with prefilled","From task/subtask, technician can return part to Parts with prefilled return info; parts dept confirms receipt and re-stocks only after receiving inspection.","FR","FR-019","athelon-app/docs/plans/2026-03-03-feature-intake-wave-roadmap.md","missing","P1","Wave2","workflow","[""GRP-001"", ""GRP-002""]","Feature is implemented end-to-end with role, audit, and data-integrity controls where required.","npx tsc --noEmit; targeted Playwright scenario; Convex query/mutation validation where applicable. Include chain-of-custody and state-transition checks.","status provenance: athelon-app/docs/plans/2026-03-03-feature-intake-implementation-review.md"
"MBP-0049","GRP-006","Receiving inspection workflow: Add receiving checklists per part/PO/batch, role-gated completion by p","Add receiving checklists per part/PO/batch, role-gated completion by parts clerk capability, digital ownership trail, conformity doc uploads (8130/EASA/etc), mobile photo capture, batch PDF download.","FR","FR-020","athelon-app/docs/plans/2026-03-03-feature-intake-wave-roadmap.md","partial","P0","Wave2","workflow","[""GRP-001"", ""GRP-002""]","All missing behaviors are completed and verified end-to-end against source requirement text.","npx tsc --noEmit; targeted Playwright scenario; Convex query/mutation validation where applicable. Include chain-of-custody and state-transition checks.","status provenance: athelon-app/docs/plans/2026-03-03-feature-intake-implementation-review.md"
"MBP-0050","GRP-009","WO dashboard page: Add `work-orders/dashboard` with active WO KPI, WIP (estimated vs actu","Add `work-orders/dashboard` with active WO KPI, WIP (estimated vs actual hours), and countdown to RTS date.","FR","FR-021","athelon-app/docs/plans/2026-03-03-feature-intake-wave-roadmap.md","implemented","P1","Wave3","product","[""GRP-002"", ""GRP-003""]","Regression coverage confirms current behavior remains stable and traceable.","npx tsc --noEmit; targeted Playwright scenario; Convex query/mutation validation where applicable.","status provenance: athelon-app/docs/plans/2026-03-03-feature-intake-implementation-review.md; ctx_seed=ICS-005/corpus=industry-context-field-artifacts/doc=Tech capacity and training report BJC Jan 2023 1.2 (1).pdf/feature=26/conf=high/date=2026-03-03"
"MBP-0051","GRP-009","WO header KPI + date commitments: Per-WO KPI summary at top (WIP/estimated/applied), prominent committed","Per-WO KPI summary at top (WIP/estimated/applied), prominent committed RTS date, and controlled post-inspection out-date update flow.","FR","FR-022","athelon-app/docs/plans/2026-03-03-feature-intake-wave-roadmap.md","partial","P0","Wave1","product","[""GRP-002"", ""GRP-003""]","All missing behaviors are completed and verified end-to-end against source requirement text.","npx tsc --noEmit; targeted Playwright scenario; Convex query/mutation validation where applicable.","status provenance: athelon-app/docs/plans/2026-03-03-feature-intake-implementation-review.md; ctx_seed=ICS-005/corpus=industry-context-field-artifacts/doc=Tech capacity and training report BJC Jan 2023 1.2 (1).pdf/feature=26/conf=high/date=2026-03-03"
"MBP-0052","GRP-004","Quote decision granularity: Pre-in-dock quote must allow accept/decline per line item with categor","Pre-in-dock quote must allow accept/decline per line item with categories: airworthiness, recommended, customer-info-only.","FR","FR-023","athelon-app/docs/plans/2026-03-03-feature-intake-wave-roadmap.md","implemented","P0","Wave1","product","[""GRP-002"", ""GRP-003""]","Regression coverage confirms current behavior remains stable and traceable.","npx tsc --noEmit; targeted Playwright scenario; Convex query/mutation validation where applicable.","status provenance: athelon-app/docs/plans/2026-03-03-feature-intake-implementation-review.md"
"MBP-0053","GRP-004","Secondary quote + squawk identity: Post-inspection repair quote supports same accept/decline model; each","Post-inspection repair quote supports same accept/decline model; each squawk has stable unique ID, with actor/time decision history visible.","FR","FR-024","athelon-app/docs/plans/2026-03-03-feature-intake-wave-roadmap.md","partial","P0","Wave1","product","[""GRP-002"", ""GRP-003""]","All missing behaviors are completed and verified end-to-end against source requirement text.","npx tsc --noEmit; targeted Playwright scenario; Convex query/mutation validation where applicable.","status provenance: athelon-app/docs/plans/2026-03-03-feature-intake-implementation-review.md"
"MBP-0054","GRP-002","Finding origin taxonomy: Every task/squawk tagged by origin: planned, inspection-found, custome","Every task/squawk tagged by origin: planned, inspection-found, customer-reported, RTS-found, post-release-found.","FR","FR-025","athelon-app/docs/plans/2026-03-03-feature-intake-wave-roadmap.md","partial","P1","Wave0","compliance","[""GRP-001""]","All missing behaviors are completed and verified end-to-end against source requirement text.","npx tsc --noEmit; targeted Playwright scenario; Convex query/mutation validation where applicable. Include negative-permission and audit-trace checks.","status provenance: athelon-app/docs/plans/2026-03-03-feature-intake-implementation-review.md"
"MBP-0055","GRP-005","`completeStep` rating-to-step authorization — validate airframe/powerplant cert","`completeStep` rating-to-step authorization — validate airframe/powerplant cert","WATERFALL","AUTH-001","WATERFALL-PLAN.md","proposed","P0","Wave1","compliance","[""GRP-001"", ""GRP-002"", ""GRP-003""]","Feature intent is specified, scoped, and validated with executable acceptance tests before build start.","npx tsc --noEmit; targeted Playwright scenario; Convex query/mutation validation where applicable.","Source row extracted from waterfall feature tables."
"MBP-0056","GRP-009","Dashboard: WO status distribution (pie/donut chart)","Dashboard: WO status distribution (pie/donut chart)","WATERFALL","CHART-001","WATERFALL-PLAN.md","proposed","P1","Wave3","product","[""GRP-002"", ""GRP-003""]","Feature intent is specified, scoped, and validated with executable acceptance tests before build start.","npx tsc --noEmit; targeted Playwright scenario; Convex query/mutation validation where applicable.","Source row extracted from waterfall feature tables.; ctx_seed=ICS-004/corpus=industry-context-field-artifacts/doc=Tech capacity and training report BJC Jan 2023 1.2 (1).pdf/feature=12/conf=high/date=2026-03-03"
"MBP-0057","GRP-009","Dashboard: Revenue trend (line chart, last 12 months)","Dashboard: Revenue trend (line chart, last 12 months)","WATERFALL","CHART-002","WATERFALL-PLAN.md","proposed","P1","Wave3","product","[""GRP-002"", ""GRP-003""]","Feature intent is specified, scoped, and validated with executable acceptance tests before build start.","npx tsc --noEmit; targeted Playwright scenario; Convex query/mutation validation where applicable.","Source row extracted from waterfall feature tables.; ctx_seed=ICS-004/corpus=industry-context-field-artifacts/doc=Tech capacity and training report BJC Jan 2023 1.2 (1).pdf/feature=12/conf=high/date=2026-03-03"
"MBP-0058","GRP-009","Dashboard: TAT performance (bar chart)","Dashboard: TAT performance (bar chart)","WATERFALL","CHART-003","WATERFALL-PLAN.md","proposed","P1","Wave3","product","[""GRP-002"", ""GRP-003""]","Feature intent is specified, scoped, and validated with executable acceptance tests before build start.","npx tsc --noEmit; targeted Playwright scenario; Convex query/mutation validation where applicable.","Source row extracted from waterfall feature tables.; ctx_seed=ICS-004/corpus=industry-context-field-artifacts/doc=Tech capacity and training report BJC Jan 2023 1.2 (1).pdf/feature=12/conf=high/date=2026-03-03"
"MBP-0059","GRP-009","Dashboard: Technician utilization (horizontal bar)","Dashboard: Technician utilization (horizontal bar)","WATERFALL","CHART-004","WATERFALL-PLAN.md","proposed","P1","Wave3","product","[""GRP-002"", ""GRP-003""]","Feature intent is specified, scoped, and validated with executable acceptance tests before build start.","npx tsc --noEmit; targeted Playwright scenario; Convex query/mutation validation where applicable.","Source row extracted from waterfall feature tables.; ctx_seed=ICS-004/corpus=industry-context-field-artifacts/doc=Tech capacity and training report BJC Jan 2023 1.2 (1).pdf/feature=12/conf=high/date=2026-03-03"
"MBP-0060","GRP-009","Billing analytics: enhanced with real charts","Billing analytics: enhanced with real charts","WATERFALL","CHART-005","WATERFALL-PLAN.md","proposed","P1","Wave3","product","[""GRP-002"", ""GRP-003""]","Feature intent is specified, scoped, and validated with executable acceptance tests before build start.","npx tsc --noEmit; targeted Playwright scenario; Convex query/mutation validation where applicable.","Source row extracted from waterfall feature tables."
"MBP-0061","GRP-022","CSV export on all list pages (invoices, WOs, parts, fleet)","CSV export on all list pages (invoices, WOs, parts, fleet)","WATERFALL","EXPORT-001","WATERFALL-PLAN.md","proposed","P1","Wave1","platform","[""GRP-002"", ""GRP-003""]","Feature intent is specified, scoped, and validated with executable acceptance tests before build start.","npx tsc --noEmit; targeted Playwright scenario; Convex query/mutation validation where applicable.","Source row extracted from waterfall feature tables."
"MBP-0062","GRP-022","Date range filter on exports","Date range filter on exports","WATERFALL","EXPORT-002","WATERFALL-PLAN.md","proposed","P1","Wave1","platform","[""GRP-002"", ""GRP-003""]","Feature intent is specified, scoped, and validated with executable acceptance tests before build start.","npx tsc --noEmit; targeted Playwright scenario; Convex query/mutation validation where applicable.","Source row extracted from waterfall feature tables."
"MBP-0063","GRP-011","Convex file storage integration (generateUploadUrl → store → getUrl)","Convex file storage integration (generateUploadUrl → store → getUrl)","WATERFALL","FILE-001","WATERFALL-PLAN.md","proposed","P1","Wave4","platform","[""GRP-002"", ""GRP-003""]","Feature intent is specified, scoped, and validated with executable acceptance tests before build start.","npx tsc --noEmit; targeted Playwright scenario; Convex query/mutation validation where applicable.","Source row extracted from waterfall feature tables."
"MBP-0064","GRP-011","Reusable FileUpload component (drag-drop, click, preview)","Reusable FileUpload component (drag-drop, click, preview)","WATERFALL","FILE-002","WATERFALL-PLAN.md","proposed","P1","Wave4","platform","[""GRP-002"", ""GRP-003""]","Feature intent is specified, scoped, and validated with executable acceptance tests before build start.","npx tsc --noEmit; targeted Playwright scenario; Convex query/mutation validation where applicable.","Source row extracted from waterfall feature tables."
"MBP-0065","GRP-011","Photo upload on step sign-off (replace text URL field with actual upload)","Photo upload on step sign-off (replace text URL field with actual upload)","WATERFALL","FILE-003","WATERFALL-PLAN.md","proposed","P1","Wave4","platform","[""GRP-002"", ""GRP-003""]","Feature intent is specified, scoped, and validated with executable acceptance tests before build start.","npx tsc --noEmit; targeted Playwright scenario; Convex query/mutation validation where applicable.","Source row extracted from waterfall feature tables."
"MBP-0066","GRP-011","Photo upload on discrepancy creation","Photo upload on discrepancy creation","WATERFALL","FILE-004","WATERFALL-PLAN.md","proposed","P1","Wave4","platform","[""GRP-002"", ""GRP-003""]","Feature intent is specified, scoped, and validated with executable acceptance tests before build start.","npx tsc --noEmit; targeted Playwright scenario; Convex query/mutation validation where applicable.","Source row extracted from waterfall feature tables."
"MBP-0067","GRP-011","Document attachment on work orders (actual files, not just metadata)","Document attachment on work orders (actual files, not just metadata)","WATERFALL","FILE-005","WATERFALL-PLAN.md","proposed","P1","Wave4","platform","[""GRP-002"", ""GRP-003""]","Feature intent is specified, scoped, and validated with executable acceptance tests before build start.","npx tsc --noEmit; targeted Playwright scenario; Convex query/mutation validation where applicable.","Source row extracted from waterfall feature tables."
"MBP-0068","GRP-011","Photo gallery component (thumbnail grid, lightbox view)","Photo gallery component (thumbnail grid, lightbox view)","WATERFALL","FILE-006","WATERFALL-PLAN.md","proposed","P1","Wave4","platform","[""GRP-002"", ""GRP-003""]","Feature intent is specified, scoped, and validated with executable acceptance tests before build start.","npx tsc --noEmit; targeted Playwright scenario; Convex query/mutation validation where applicable.","Source row extracted from waterfall feature tables."
"MBP-0069","GRP-018","Labor rate auto-application — pricing rules exist but `unitPrice` always defaults to 0","Labor rate auto-application — pricing rules exist but `unitPrice` always defaults to 0","WATERFALL","LABOR-001","WATERFALL-PLAN.md","proposed","P1","Wave3","product","[""GRP-003"", ""GRP-014""]","Feature intent is specified, scoped, and validated with executable acceptance tests before build start.","npx tsc --noEmit; targeted Playwright scenario; Convex query/mutation validation where applicable.","Source row extracted from waterfall feature tables."
"MBP-0070","GRP-018","Wire `pricingProfiles` into invoice/quote line item creation","Wire `pricingProfiles` into invoice/quote line item creation","WATERFALL","LABOR-002","WATERFALL-PLAN.md","proposed","P1","Wave3","product","[""GRP-003"", ""GRP-014""]","Feature intent is specified, scoped, and validated with executable acceptance tests before build start.","npx tsc --noEmit; targeted Playwright scenario; Convex query/mutation validation where applicable.","Source row extracted from waterfall feature tables."
"MBP-0071","GRP-023","`notifications` table in schema (type, message, recipientId, read, createdAt)","`notifications` table in schema (type, message, recipientId, read, createdAt)","WATERFALL","NOTIF-001","WATERFALL-PLAN.md","proposed","P1","Wave3","platform","[""GRP-002"", ""GRP-003""]","Feature intent is specified, scoped, and validated with executable acceptance tests before build start.","npx tsc --noEmit; targeted Playwright scenario; Convex query/mutation validation where applicable.","Source row extracted from waterfall feature tables."
"MBP-0072","GRP-023","Bell icon in TopBar with unread count badge","Bell icon in TopBar with unread count badge","WATERFALL","NOTIF-002","WATERFALL-PLAN.md","proposed","P1","Wave3","platform","[""GRP-002"", ""GRP-003""]","Feature intent is specified, scoped, and validated with executable acceptance tests before build start.","npx tsc --noEmit; targeted Playwright scenario; Convex query/mutation validation where applicable.","Source row extracted from waterfall feature tables."
"MBP-0073","GRP-023","Notification dropdown panel","Notification dropdown panel","WATERFALL","NOTIF-003","WATERFALL-PLAN.md","proposed","P1","Wave3","platform","[""GRP-002"", ""GRP-003""]","Feature intent is specified, scoped, and validated with executable acceptance tests before build start.","npx tsc --noEmit; targeted Playwright scenario; Convex query/mutation validation where applicable.","Source row extracted from waterfall feature tables."
"MBP-0074","GRP-023","Auto-generate notifications: WO status change, quote approved, invoice overdue, discrep...","Auto-generate notifications: WO status change, quote approved, invoice overdue, discrepancy critical","WATERFALL","NOTIF-004","WATERFALL-PLAN.md","proposed","P1","Wave3","platform","[""GRP-002"", ""GRP-003""]","Feature intent is specified, scoped, and validated with executable acceptance tests before build start.","npx tsc --noEmit; targeted Playwright scenario; Convex query/mutation validation where applicable.","Source row extracted from waterfall feature tables."
"MBP-0075","GRP-023","Mark as read / mark all read","Mark as read / mark all read","WATERFALL","NOTIF-005","WATERFALL-PLAN.md","proposed","P1","Wave3","platform","[""GRP-002"", ""GRP-003""]","Feature intent is specified, scoped, and validated with executable acceptance tests before build start.","npx tsc --noEmit; targeted Playwright scenario; Convex query/mutation validation where applicable.","Source row extracted from waterfall feature tables."
"MBP-0076","GRP-023","Notification preferences page","Notification preferences page","WATERFALL","NOTIF-006","WATERFALL-PLAN.md","proposed","P1","Wave3","platform","[""GRP-002"", ""GRP-003""]","Feature intent is specified, scoped, and validated with executable acceptance tests before build start.","npx tsc --noEmit; targeted Playwright scenario; Convex query/mutation validation where applicable.","Source row extracted from waterfall feature tables."
"MBP-0077","GRP-022","Invoice PDF template (header, line items, totals, tax, payment terms)","Invoice PDF template (header, line items, totals, tax, payment terms)","WATERFALL","PDF-001","WATERFALL-PLAN.md","proposed","P1","Wave1","platform","[""GRP-002"", ""GRP-003""]","Feature intent is specified, scoped, and validated with executable acceptance tests before build start.","npx tsc --noEmit; targeted Playwright scenario; Convex query/mutation validation where applicable.","Source row extracted from waterfall feature tables."
"MBP-0078","GRP-022","Quote PDF template (header, departments/sections, line items, terms)","Quote PDF template (header, departments/sections, line items, terms)","WATERFALL","PDF-002","WATERFALL-PLAN.md","proposed","P1","Wave1","platform","[""GRP-002"", ""GRP-003""]","Feature intent is specified, scoped, and validated with executable acceptance tests before build start.","npx tsc --noEmit; targeted Playwright scenario; Convex query/mutation validation where applicable.","Source row extracted from waterfall feature tables."
"MBP-0079","GRP-022","RTS document PDF (aircraft info, completed work, compliance items, signatures)","RTS document PDF (aircraft info, completed work, compliance items, signatures)","WATERFALL","PDF-003","WATERFALL-PLAN.md","proposed","P1","Wave1","platform","[""GRP-002"", ""GRP-003""]","Feature intent is specified, scoped, and validated with executable acceptance tests before build start.","npx tsc --noEmit; targeted Playwright scenario; Convex query/mutation validation where applicable.","Source row extracted from waterfall feature tables."
"MBP-0080","GRP-022","Work order summary PDF (header, task cards, discrepancies, parts used)","Work order summary PDF (header, task cards, discrepancies, parts used)","WATERFALL","PDF-004","WATERFALL-PLAN.md","proposed","P1","Wave1","platform","[""GRP-002"", ""GRP-003""]","Feature intent is specified, scoped, and validated with executable acceptance tests before build start.","npx tsc --noEmit; targeted Playwright scenario; Convex query/mutation validation where applicable.","Source row extracted from waterfall feature tables."
"MBP-0081","GRP-022","""Download PDF"" button on invoice detail, quote detail, RTS, WO detail pages","""Download PDF"" button on invoice detail, quote detail, RTS, WO detail pages","WATERFALL","PDF-005","WATERFALL-PLAN.md","proposed","P1","Wave1","platform","[""GRP-002"", ""GRP-003""]","Feature intent is specified, scoped, and validated with executable acceptance tests before build start.","npx tsc --noEmit; targeted Playwright scenario; Convex query/mutation validation where applicable.","Source row extracted from waterfall feature tables."
"MBP-0082","GRP-022","""Print"" button using browser print with print-friendly CSS","""Print"" button using browser print with print-friendly CSS","WATERFALL","PDF-006","WATERFALL-PLAN.md","proposed","P1","Wave1","platform","[""GRP-002"", ""GRP-003""]","Feature intent is specified, scoped, and validated with executable acceptance tests before build start.","npx tsc --noEmit; targeted Playwright scenario; Convex query/mutation validation where applicable.","Source row extracted from waterfall feature tables."
"MBP-0083","GRP-024","Dark mode toggle in TopBar","Dark mode toggle in TopBar","WATERFALL","POLISH-001","WATERFALL-PLAN.md","proposed","P2","Wave4","ux","[""GRP-003"", ""GRP-010""]","Feature intent is specified, scoped, and validated with executable acceptance tests before build start.","npx tsc --noEmit; targeted Playwright scenario; Convex query/mutation validation where applicable.","Source row extracted from waterfall feature tables."
"MBP-0084","GRP-024","Cmd-K command palette (search, navigate, quick actions)","Cmd-K command palette (search, navigate, quick actions)","WATERFALL","POLISH-002","WATERFALL-PLAN.md","proposed","P2","Wave4","ux","[""GRP-003"", ""GRP-010""]","Feature intent is specified, scoped, and validated with executable acceptance tests before build start.","npx tsc --noEmit; targeted Playwright scenario; Convex query/mutation validation where applicable.","Source row extracted from waterfall feature tables."
"MBP-0085","GRP-024","Activity timeline on work orders","Activity timeline on work orders","WATERFALL","POLISH-003","WATERFALL-PLAN.md","proposed","P2","Wave4","ux","[""GRP-003"", ""GRP-010""]","Feature intent is specified, scoped, and validated with executable acceptance tests before build start.","npx tsc --noEmit; targeted Playwright scenario; Convex query/mutation validation where applicable.","Source row extracted from waterfall feature tables."
"MBP-0086","GRP-024","Keyboard shortcuts (N for new, E for edit, etc.)","Keyboard shortcuts (N for new, E for edit, etc.)","WATERFALL","POLISH-004","WATERFALL-PLAN.md","proposed","P2","Wave4","ux","[""GRP-003"", ""GRP-010""]","Feature intent is specified, scoped, and validated with executable acceptance tests before build start.","npx tsc --noEmit; targeted Playwright scenario; Convex query/mutation validation where applicable.","Source row extracted from waterfall feature tables."
"MBP-0087","GRP-024","PWA manifest + service worker + offline support","PWA manifest + service worker + offline support","WATERFALL","POLISH-005","WATERFALL-PLAN.md","proposed","P2","Wave4","ux","[""GRP-003"", ""GRP-010""]","Feature intent is specified, scoped, and validated with executable acceptance tests before build start.","npx tsc --noEmit; targeted Playwright scenario; Convex query/mutation validation where applicable.","Source row extracted from waterfall feature tables."
"MBP-0088","GRP-024","Bulk CSV import (aircraft, parts, customers)","Bulk CSV import (aircraft, parts, customers)","WATERFALL","POLISH-006","WATERFALL-PLAN.md","proposed","P2","Wave4","ux","[""GRP-003"", ""GRP-010""]","Feature intent is specified, scoped, and validated with executable acceptance tests before build start.","npx tsc --noEmit; targeted Playwright scenario; Convex query/mutation validation where applicable.","Source row extracted from waterfall feature tables."
"MBP-0089","GRP-024","Parts reorder alerts (min-stock threshold)","Parts reorder alerts (min-stock threshold)","WATERFALL","POLISH-007","WATERFALL-PLAN.md","proposed","P2","Wave4","ux","[""GRP-003"", ""GRP-010""]","Feature intent is specified, scoped, and validated with executable acceptance tests before build start.","npx tsc --noEmit; targeted Playwright scenario; Convex query/mutation validation where applicable.","Source row extracted from waterfall feature tables."
"MBP-0090","GRP-024","MEL deferral tracking with countdown timers","MEL deferral tracking with countdown timers","WATERFALL","POLISH-008","WATERFALL-PLAN.md","proposed","P2","Wave4","ux","[""GRP-003"", ""GRP-010""]","Feature intent is specified, scoped, and validated with executable acceptance tests before build start.","npx tsc --noEmit; targeted Playwright scenario; Convex query/mutation validation where applicable.","Source row extracted from waterfall feature tables."
"MBP-0091","GRP-024","Shift handoff dashboard","Shift handoff dashboard","WATERFALL","POLISH-009","WATERFALL-PLAN.md","proposed","P2","Wave4","ux","[""GRP-003"", ""GRP-010""]","Feature intent is specified, scoped, and validated with executable acceptance tests before build start.","npx tsc --noEmit; targeted Playwright scenario; Convex query/mutation validation where applicable.","Source row extracted from waterfall feature tables."
"MBP-0092","GRP-024","Fleet calendar (upcoming inspections)","Fleet calendar (upcoming inspections)","WATERFALL","POLISH-010","WATERFALL-PLAN.md","proposed","P2","Wave4","ux","[""GRP-003"", ""GRP-010""]","Feature intent is specified, scoped, and validated with executable acceptance tests before build start.","npx tsc --noEmit; targeted Playwright scenario; Convex query/mutation validation where applicable.","Source row extracted from waterfall feature tables."
"MBP-0093","GRP-024","Expand E2E test coverage to all features","Expand E2E test coverage to all features","WATERFALL","POLISH-011","WATERFALL-PLAN.md","proposed","P2","Wave4","ux","[""GRP-003"", ""GRP-010""]","Feature intent is specified, scoped, and validated with executable acceptance tests before build start.","npx tsc --noEmit; targeted Playwright scenario; Convex query/mutation validation where applicable.","Source row extracted from waterfall feature tables."
"MBP-0094","GRP-024","Performance audit (bundle size, lazy loading)","Performance audit (bundle size, lazy loading)","WATERFALL","POLISH-012","WATERFALL-PLAN.md","proposed","P2","Wave4","ux","[""GRP-003"", ""GRP-010""]","Feature intent is specified, scoped, and validated with executable acceptance tests before build start.","npx tsc --noEmit; targeted Playwright scenario; Convex query/mutation validation where applicable.","Source row extracted from waterfall feature tables."
"MBP-0095","GRP-024","WCAG AA deep pass","WCAG AA deep pass","WATERFALL","POLISH-013","WATERFALL-PLAN.md","proposed","P2","Wave4","ux","[""GRP-003"", ""GRP-010""]","Feature intent is specified, scoped, and validated with executable acceptance tests before build start.","npx tsc --noEmit; targeted Playwright scenario; Convex query/mutation validation where applicable.","Source row extracted from waterfall feature tables."
"MBP-0096","GRP-015","Customer login (separate Clerk org or magic link)","Customer login (separate Clerk org or magic link)","WATERFALL","PORTAL-001","WATERFALL-PLAN.md","proposed","P1","Wave4","product","[""GRP-003"", ""GRP-014""]","Feature intent is specified, scoped, and validated with executable acceptance tests before build start.","npx tsc --noEmit; targeted Playwright scenario; Convex query/mutation validation where applicable.","Source row extracted from waterfall feature tables."
"MBP-0097","GRP-015","Customer dashboard: active WOs, recent invoices, fleet status","Customer dashboard: active WOs, recent invoices, fleet status","WATERFALL","PORTAL-002","WATERFALL-PLAN.md","proposed","P1","Wave4","product","[""GRP-003"", ""GRP-014""]","Feature intent is specified, scoped, and validated with executable acceptance tests before build start.","npx tsc --noEmit; targeted Playwright scenario; Convex query/mutation validation where applicable.","Source row extracted from waterfall feature tables."
"MBP-0098","GRP-015","WO status tracking (timeline view)","WO status tracking (timeline view)","WATERFALL","PORTAL-003","WATERFALL-PLAN.md","proposed","P1","Wave4","product","[""GRP-003"", ""GRP-014""]","Feature intent is specified, scoped, and validated with executable acceptance tests before build start.","npx tsc --noEmit; targeted Playwright scenario; Convex query/mutation validation where applicable.","Source row extracted from waterfall feature tables."
"MBP-0099","GRP-015","Quote review & approve/decline inline","Quote review & approve/decline inline","WATERFALL","PORTAL-004","WATERFALL-PLAN.md","proposed","P1","Wave4","product","[""GRP-003"", ""GRP-014""]","Feature intent is specified, scoped, and validated with executable acceptance tests before build start.","npx tsc --noEmit; targeted Playwright scenario; Convex query/mutation validation where applicable.","Source row extracted from waterfall feature tables."
"MBP-0100","GRP-015","Invoice view & payment status","Invoice view & payment status","WATERFALL","PORTAL-005","WATERFALL-PLAN.md","proposed","P1","Wave4","product","[""GRP-003"", ""GRP-014""]","Feature intent is specified, scoped, and validated with executable acceptance tests before build start.","npx tsc --noEmit; targeted Playwright scenario; Convex query/mutation validation where applicable.","Source row extracted from waterfall feature tables."
"MBP-0101","GRP-015","Download PDFs (invoices, quotes, RTS)","Download PDFs (invoices, quotes, RTS)","WATERFALL","PORTAL-006","WATERFALL-PLAN.md","proposed","P1","Wave4","product","[""GRP-003"", ""GRP-014""]","Feature intent is specified, scoped, and validated with executable acceptance tests before build start.","npx tsc --noEmit; targeted Playwright scenario; Convex query/mutation validation where applicable.","Source row extracted from waterfall feature tables."
"MBP-0102","GRP-015","Message/request submission to shop","Message/request submission to shop","WATERFALL","PORTAL-007","WATERFALL-PLAN.md","proposed","P1","Wave4","product","[""GRP-003"", ""GRP-014""]","Feature intent is specified, scoped, and validated with executable acceptance tests before build start.","npx tsc --noEmit; targeted Playwright scenario; Convex query/mutation validation where applicable.","Source row extracted from waterfall feature tables."
"MBP-0103","GRP-009","Monthly revenue report page","Monthly revenue report page","WATERFALL","REPORT-001","WATERFALL-PLAN.md","proposed","P1","Wave3","product","[""GRP-002"", ""GRP-003""]","Feature intent is specified, scoped, and validated with executable acceptance tests before build start.","npx tsc --noEmit; targeted Playwright scenario; Convex query/mutation validation where applicable.","Source row extracted from waterfall feature tables.; ctx_seed=ICS-004/corpus=industry-context-field-artifacts/doc=Tech capacity and training report BJC Jan 2023 1.2 (1).pdf/feature=12/conf=high/date=2026-03-03"
"MBP-0104","GRP-009","WO throughput report","WO throughput report","WATERFALL","REPORT-002","WATERFALL-PLAN.md","proposed","P1","Wave3","product","[""GRP-002"", ""GRP-003""]","Feature intent is specified, scoped, and validated with executable acceptance tests before build start.","npx tsc --noEmit; targeted Playwright scenario; Convex query/mutation validation where applicable.","Source row extracted from waterfall feature tables.; ctx_seed=ICS-004/corpus=industry-context-field-artifacts/doc=Tech capacity and training report BJC Jan 2023 1.2 (1).pdf/feature=12/conf=high/date=2026-03-03"
"MBP-0105","GRP-001","Define MRO roles: admin, shop_manager, qcm_inspector, lead_technician, technician, bill...","Define MRO roles: admin, shop_manager, qcm_inspector, lead_technician, technician, billing_clerk, customer","WATERFALL","ROLE-001","WATERFALL-PLAN.md","proposed","P0","Wave0","compliance","[]","Feature intent is specified, scoped, and validated with executable acceptance tests before build start.","npx tsc --noEmit; targeted Playwright scenario; Convex query/mutation validation where applicable. Include negative-permission and audit-trace checks.","Source row extracted from waterfall feature tables."
"MBP-0106","GRP-001","Admin settings page: invite user, assign role, deactivate","Admin settings page: invite user, assign role, deactivate","WATERFALL","ROLE-002","WATERFALL-PLAN.md","proposed","P0","Wave0","compliance","[]","Feature intent is specified, scoped, and validated with executable acceptance tests before build start.","npx tsc --noEmit; targeted Playwright scenario; Convex query/mutation validation where applicable. Include negative-permission and audit-trace checks.","Source row extracted from waterfall feature tables."
"MBP-0107","GRP-001","Role-based sidebar nav (hide billing from technicians, hide WO execution from billing)","Role-based sidebar nav (hide billing from technicians, hide WO execution from billing)","WATERFALL","ROLE-003","WATERFALL-PLAN.md","proposed","P0","Wave0","compliance","[]","Feature intent is specified, scoped, and validated with executable acceptance tests before build start.","npx tsc --noEmit; targeted Playwright scenario; Convex query/mutation validation where applicable. Include negative-permission and audit-trace checks.","Source row extracted from waterfall feature tables."
"MBP-0108","GRP-001","Role-based route guards (redirect unauthorized)","Role-based route guards (redirect unauthorized)","WATERFALL","ROLE-004","WATERFALL-PLAN.md","proposed","P0","Wave0","compliance","[]","Feature intent is specified, scoped, and validated with executable acceptance tests before build start.","npx tsc --noEmit; targeted Playwright scenario; Convex query/mutation validation where applicable. Include negative-permission and audit-trace checks.","Source row extracted from waterfall feature tables."
"MBP-0109","GRP-001","Role display in personnel page","Role display in personnel page","WATERFALL","ROLE-005","WATERFALL-PLAN.md","proposed","P0","Wave0","compliance","[]","Feature intent is specified, scoped, and validated with executable acceptance tests before build start.","npx tsc --noEmit; targeted Playwright scenario; Convex query/mutation validation where applicable. Include negative-permission and audit-trace checks.","Source row extracted from waterfall feature tables."
"MBP-0110","GRP-012","Interactive Gantt chart with drag-drop (resize, move WO bars)","Interactive Gantt chart with drag-drop (resize, move WO bars)","WATERFALL","SCHED-001","WATERFALL-PLAN.md","proposed","P1","Wave5","workflow","[""GRP-003"", ""GRP-009""]","Feature intent is specified, scoped, and validated with executable acceptance tests before build start.","npx tsc --noEmit; targeted Playwright scenario; Convex query/mutation validation where applicable. Include deterministic schedule/prediction assertions.","Source row extracted from waterfall feature tables.; ctx_seed=ICS-002/corpus=industry-context-field-artifacts/doc=2023 leveling.pdf/feature=13/conf=high/date=2026-03-03"
"MBP-0111","GRP-012","Technician skill matching in drag-drop (warn if unqualified)","Technician skill matching in drag-drop (warn if unqualified)","WATERFALL","SCHED-002","WATERFALL-PLAN.md","proposed","P1","Wave5","workflow","[""GRP-003"", ""GRP-009""]","Feature intent is specified, scoped, and validated with executable acceptance tests before build start.","npx tsc --noEmit; targeted Playwright scenario; Convex query/mutation validation where applicable. Include deterministic schedule/prediction assertions.","Source row extracted from waterfall feature tables."
"MBP-0112","GRP-012","Hangar bay allocation view (which aircraft in which bay)","Hangar bay allocation view (which aircraft in which bay)","WATERFALL","SCHED-003","WATERFALL-PLAN.md","proposed","P1","Wave5","workflow","[""GRP-003"", ""GRP-009""]","Feature intent is specified, scoped, and validated with executable acceptance tests before build start.","npx tsc --noEmit; targeted Playwright scenario; Convex query/mutation validation where applicable. Include deterministic schedule/prediction assertions.","Source row extracted from waterfall feature tables."
"MBP-0113","GRP-012","Bay conflict detection (double-booking warning)","Bay conflict detection (double-booking warning)","WATERFALL","SCHED-004","WATERFALL-PLAN.md","proposed","P1","Wave5","workflow","[""GRP-003"", ""GRP-009""]","Feature intent is specified, scoped, and validated with executable acceptance tests before build start.","npx tsc --noEmit; targeted Playwright scenario; Convex query/mutation validation where applicable. Include deterministic schedule/prediction assertions.","Source row extracted from waterfall feature tables."
"MBP-0114","GRP-012","Auto-schedule algorithm (assign WOs to bays + techs based on constraints)","Auto-schedule algorithm (assign WOs to bays + techs based on constraints)","WATERFALL","SCHED-005","WATERFALL-PLAN.md","proposed","P1","Wave5","workflow","[""GRP-003"", ""GRP-009""]","Feature intent is specified, scoped, and validated with executable acceptance tests before build start.","npx tsc --noEmit; targeted Playwright scenario; Convex query/mutation validation where applicable. Include deterministic schedule/prediction assertions.","Source row extracted from waterfall feature tables.; ctx_seed=ICS-003/corpus=industry-context-field-artifacts/doc=Elevate MRO Capacity planning.xlsx/feature=14/conf=high/date=2026-03-03"
"MBP-0115","GRP-012","TAT estimation based on historical data","TAT estimation based on historical data","WATERFALL","SCHED-006","WATERFALL-PLAN.md","proposed","P1","Wave5","workflow","[""GRP-003"", ""GRP-009""]","Feature intent is specified, scoped, and validated with executable acceptance tests before build start.","npx tsc --noEmit; targeted Playwright scenario; Convex query/mutation validation where applicable. Include deterministic schedule/prediction assertions.","Source row extracted from waterfall feature tables."
"MBP-0116","GRP-012","Schedule snapshot/baseline comparison","Schedule snapshot/baseline comparison","WATERFALL","SCHED-007","WATERFALL-PLAN.md","proposed","P1","Wave5","workflow","[""GRP-003"", ""GRP-009""]","Feature intent is specified, scoped, and validated with executable acceptance tests before build start.","npx tsc --noEmit; targeted Playwright scenario; Convex query/mutation validation where applicable. Include deterministic schedule/prediction assertions.","Source row extracted from waterfall feature tables."
"MBP-0117","GRP-017","Create `conformityInspections` table with proper indexes","Create `conformityInspections` table with proper indexes","WATERFALL","SCHEMA-001","WATERFALL-PLAN.md","proposed","P0","Wave1","compliance","[""GRP-001"", ""GRP-002"", ""GRP-003""]","Feature intent is specified, scoped, and validated with executable acceptance tests before build start.","npx tsc --noEmit; targeted Playwright scenario; Convex query/mutation validation where applicable. Include negative-permission and audit-trace checks.","Source row extracted from waterfall feature tables."
"MBP-0118","GRP-017","Add conformity inspection mutations (create, complete, list)","Add conformity inspection mutations (create, complete, list)","WATERFALL","SCHEMA-002","WATERFALL-PLAN.md","proposed","P0","Wave1","compliance","[""GRP-001"", ""GRP-002"", ""GRP-003""]","Feature intent is specified, scoped, and validated with executable acceptance tests before build start.","npx tsc --noEmit; targeted Playwright scenario; Convex query/mutation validation where applicable. Include negative-permission and audit-trace checks.","Source row extracted from waterfall feature tables."
"MBP-0119","GRP-018","Invoice tax calculation — tax arg is accepted but ignored, always writes `tax: 0`","Invoice tax calculation — tax arg is accepted but ignored, always writes `tax: 0`","WATERFALL","TAX-001","WATERFALL-PLAN.md","proposed","P1","Wave3","product","[""GRP-003"", ""GRP-014""]","Feature intent is specified, scoped, and validated with executable acceptance tests before build start.","npx tsc --noEmit; targeted Playwright scenario; Convex query/mutation validation where applicable.","Source row extracted from waterfall feature tables."
"MBP-0120","GRP-018","`computeTaxForInvoice` in billingV4 — wire it into invoice creation flow","`computeTaxForInvoice` in billingV4 — wire it into invoice creation flow","WATERFALL","TAX-002","WATERFALL-PLAN.md","proposed","P1","Wave3","product","[""GRP-003"", ""GRP-014""]","Feature intent is specified, scoped, and validated with executable acceptance tests before build start.","npx tsc --noEmit; targeted Playwright scenario; Convex query/mutation validation where applicable.","Source row extracted from waterfall feature tables."
"MBP-0121","GRP-017","Approved data ref on task step","Approved data ref on task step","TECH_MVP","GAP-001","athelon-app/TECH-MVP-BUILD-PLAN.md","partial","P1","Wave1","compliance","[""GRP-001"", ""GRP-002"", ""GRP-003""]","All missing behaviors are completed and verified end-to-end against source requirement text.","npx tsc --noEmit; targeted Playwright scenario; Convex query/mutation validation where applicable. Include negative-permission and audit-trace checks.","schema=✅ on taskCards (not steps); backend=❌ Need step-level field; frontend=🔧 Add to SignStepDialog; effort=M"
"MBP-0122","GRP-006","Parts installation in step sign-off","Parts installation in step sign-off","TECH_MVP","GAP-002","athelon-app/TECH-MVP-BUILD-PLAN.md","partial","P2","Wave2","workflow","[""GRP-001"", ""GRP-002""]","All missing behaviors are completed and verified end-to-end against source requirement text.","npx tsc --noEmit; targeted Playwright scenario; Convex query/mutation validation where applicable. Include chain-of-custody and state-transition checks.","schema=✅ embeddedPartRecord on maintenanceRecords; backend=❌ Need step-level parts; frontend=🔧 Add parts picker to SignStepDialog; effort=L"
"MBP-0123","GRP-003","""My Work"" tech view","""My Work"" tech view","TECH_MVP","GAP-003","athelon-app/TECH-MVP-BUILD-PLAN.md","partial","P1","Wave1","workflow","[""GRP-001"", ""GRP-002""]","All missing behaviors are completed and verified end-to-end against source requirement text.","npx tsc --noEmit; targeted Playwright scenario; Convex query/mutation validation where applicable.","schema=✅ by_assigned index exists; backend=✅ Can query by techId; frontend=❌ No /my-work page; effort=M"
"MBP-0124","GRP-003","Raise Finding from task card","Raise Finding from task card","TECH_MVP","GAP-004","athelon-app/TECH-MVP-BUILD-PLAN.md","partial","P1","Wave1","workflow","[""GRP-001"", ""GRP-002""]","All missing behaviors are completed and verified end-to-end against source requirement text.","npx tsc --noEmit; targeted Playwright scenario; Convex query/mutation validation where applicable.","schema=✅ discrepancies table exists; backend=✅ openDiscrepancy mutation; frontend=❌ No UI button on task card; effort=S"
"MBP-0125","GRP-008","Shift handoff notes on task cards","Shift handoff notes on task cards","TECH_MVP","GAP-005","athelon-app/TECH-MVP-BUILD-PLAN.md","missing","P1","Wave3","workflow","[""GRP-003"", ""GRP-009""]","Feature is implemented end-to-end with role, audit, and data-integrity controls where required.","npx tsc --noEmit; targeted Playwright scenario; Convex query/mutation validation where applicable.","schema=❌ No schema field; backend=❌ Need mutation; frontend=❌ No UI; effort=M"
"MBP-0126","GRP-017","Aircraft maintenance logbook view","Aircraft maintenance logbook view","TECH_MVP","GAP-006","athelon-app/TECH-MVP-BUILD-PLAN.md","partial","P2","Wave1","compliance","[""GRP-001"", ""GRP-002"", ""GRP-003""]","All missing behaviors are completed and verified end-to-end against source requirement text.","npx tsc --noEmit; targeted Playwright scenario; Convex query/mutation validation where applicable. Include negative-permission and audit-trace checks.","schema=✅ maintenanceRecords table; backend=✅ Queries exist; frontend=❌ No /fleet/[tail]/logbook page; effort=L"
"MBP-0127","GRP-003","Tech notes on step sign-off","Tech notes on step sign-off","TECH_MVP","GAP-007","athelon-app/TECH-MVP-BUILD-PLAN.md","implemented","P2","Wave1","workflow","[""GRP-001"", ""GRP-002""]","Regression coverage confirms current behavior remains stable and traceable.","npx tsc --noEmit; targeted Playwright scenario; Convex query/mutation validation where applicable.","schema=✅ notes field on taskCardSteps; backend=✅ completeStep accepts notes; frontend=✅ SignStepDialog has notes field; effort=DONE"
"MBP-0128","GRP-012","Gantt Engine (Pure TypeScript)","Gantt Engine (Pure TypeScript)","SCHED","SCH-A1","athelon-app/SCHEDULING-BUILD-PLAN.md","proposed","P1","Wave5","workflow","[""GRP-003"", ""GRP-009""]","Feature intent is specified, scoped, and validated with executable acceptance tests before build start.","npx tsc --noEmit; targeted Playwright scenario; Convex query/mutation validation where applicable. Include deterministic schedule/prediction assertions.","Agent-track from scheduling build plan.; ctx_seed=ICS-002/corpus=industry-context-field-artifacts/doc=2023 leveling.pdf/feature=13/conf=high/date=2026-03-03"
"MBP-0129","GRP-012","Gantt UI — Interactive Visual Scheduler","Gantt UI — Interactive Visual Scheduler","SCHED","SCH-A2","athelon-app/SCHEDULING-BUILD-PLAN.md","proposed","P1","Wave5","workflow","[""GRP-003"", ""GRP-009""]","Feature intent is specified, scoped, and validated with executable acceptance tests before build start.","npx tsc --noEmit; targeted Playwright scenario; Convex query/mutation validation where applicable. Include deterministic schedule/prediction assertions.","Agent-track from scheduling build plan.; ctx_seed=ICS-002/corpus=industry-context-field-artifacts/doc=2023 leveling.pdf/feature=13/conf=high/date=2026-03-03"
"MBP-0130","GRP-012","Capacity Management Dashboard","Capacity Management Dashboard","SCHED","SCH-A3","athelon-app/SCHEDULING-BUILD-PLAN.md","proposed","P1","Wave5","workflow","[""GRP-003"", ""GRP-009""]","Feature intent is specified, scoped, and validated with executable acceptance tests before build start.","npx tsc --noEmit; targeted Playwright scenario; Convex query/mutation validation where applicable. Include deterministic schedule/prediction assertions.","Agent-track from scheduling build plan."
"MBP-0131","GRP-018","P&L Projection & Financial Dashboard","P&L Projection & Financial Dashboard","SCHED","SCH-A4","athelon-app/SCHEDULING-BUILD-PLAN.md","proposed","P1","Wave3","product","[""GRP-003"", ""GRP-014""]","Feature intent is specified, scoped, and validated with executable acceptance tests before build start.","npx tsc --noEmit; targeted Playwright scenario; Convex query/mutation validation where applicable.","Agent-track from scheduling build plan."
"MBP-0132","GRP-004","Quote Builder & WO Cost Estimation","Quote Builder & WO Cost Estimation","SCHED","SCH-A5","athelon-app/SCHEDULING-BUILD-PLAN.md","proposed","P1","Wave1","product","[""GRP-002"", ""GRP-003""]","Feature intent is specified, scoped, and validated with executable acceptance tests before build start.","npx tsc --noEmit; targeted Playwright scenario; Convex query/mutation validation where applicable.","Agent-track from scheduling build plan."
"MBP-0133","GRP-014","Routes, Navigation & Integration","Routes, Navigation & Integration","SCHED","SCH-A6","athelon-app/SCHEDULING-BUILD-PLAN.md","proposed","P1","Wave4","platform","[""GRP-003"", ""GRP-006"", ""GRP-018""]","Feature intent is specified, scoped, and validated with executable acceptance tests before build start.","npx tsc --noEmit; targeted Playwright scenario; Convex query/mutation validation where applicable.","Agent-track from scheduling build plan."
"MBP-0134","GRP-008","Overtime / Shift Management","Shift schedules and overtime threshold controls for labor governance.","MASTER","MBL-021","athelon-app/MASTER-BUILD-LIST.md","partial","P2","Wave3","workflow","[""GRP-003"", ""GRP-009""]","All missing behaviors are completed and verified end-to-end against source requirement text.","npx tsc --noEmit; targeted Playwright scenario; Convex query/mutation validation where applicable.","source=Master Build List feature #21; status=Partially Implemented in feature matrix.; ctx_seed=ICS-006/corpus=industry-context-field-artifacts/doc=Tech capacity and training report BJC Jan 2023 1.2 (1).pdf/feature=21/conf=high/date=2026-03-03"
"MBP-0135","GRP-010","Search — Global Search","Command-palette global search across aircraft, work orders, parts, and customers.","MASTER","MBL-025","athelon-app/MASTER-BUILD-LIST.md","partial","P2","Wave4","ux","[""GRP-003""]","All missing behaviors are completed and verified end-to-end against source requirement text.","npx tsc --noEmit; targeted Playwright scenario; Convex query/mutation validation where applicable.","source=Master Build List feature #25; status=Partially Implemented in feature matrix.; ctx_seed=ICS-010/corpus=industry-context-field-artifacts/doc=Repair Station Contacts with Ratings (Download).xlsx/feature=25/conf=high/date=2026-03-03"
"MBP-0136","GRP-003","Work Order Routing Templates + Standard Minutes","Template-driven work-order routing with operation-level standard-minute baselines.","MASTER","MBL-044","athelon-app/MASTER-BUILD-LIST.md","partial","P0","Wave1","workflow","[""GRP-001"", ""GRP-002""]","All missing behaviors are completed and verified end-to-end against source requirement text.","npx tsc --noEmit; targeted Playwright scenario; Convex query/mutation validation where applicable.","source=Master Build List feature #44; backend-needed status captured under partial for canonical rollup.; ctx_seed=ICS-007/corpus=industry-context-field-artifacts/doc=AVEX-NS Aviation Hldgs Lean slide.pptx/feature=44/conf=high/date=2026-03-03"
"MBP-0137","GRP-009","Operational Report Builder + Scheduled Report Runs","Configurable operational report definitions with scheduled run execution.","MASTER","MBL-051","athelon-app/MASTER-BUILD-LIST.md","partial","P2","Wave3","product","[""GRP-002"", ""GRP-003""]","All missing behaviors are completed and verified end-to-end against source requirement text.","npx tsc --noEmit; targeted Playwright scenario; Convex query/mutation validation where applicable.","source=Master Build List feature #51; status=Partially Implemented in feature matrix.; ctx_seed=ICS-008/corpus=industry-context-field-artifacts/doc=Elevate MRO Capacity planning.xlsx/feature=51/conf=high/date=2026-03-03"
